customerID,churn_probability,driver_1,driver_2,driver_3,recommended_action,expected_monthly_loss
9497-QCMMS,0.8554935759143901,tenure,InternetService=Fiber optic,Contract=Month-to-month,Enroll in 90-day onboarding check-in program,80.03
9300-AGZNL,0.8544107134546018,tenure,InternetService=Fiber optic,Contract=Month-to-month,Enroll in 90-day onboarding check-in program,80.31
5178-LMXOP,0.8542800422235808,tenure,InternetService=Fiber optic,Contract=Month-to-month,Enroll in 90-day onboarding check-in program,81.24
4424-TKOPW,0.8513914927192672,tenure,InternetService=Fiber optic,Contract=Month-to-month,Enroll in 90-day onboarding check-in program,79.9
2720-WGKHP,0.8505688198229654,tenure,InternetService=Fiber optic,Contract=Month-to-month,Enroll in 90-day onboarding check-in program,79.95
5567-WSELE,0.8480535654177527,tenure,InternetService=Fiber optic,Contract=Month-to-month,Enroll in 90-day onboarding check-in program,80.23
7024-OHCCK,0.8478387386294549,tenure,InternetService=Fiber optic,Contract=Month-to-month,Enroll in 90-day onboarding check-in program,79.57
5150-ITWWB,0.8465032268488618,tenure,InternetService=Fiber optic,Contract=Month-to-month,Enroll in 90-day onboarding check-in program,80.29
7216-EWTRS,0.8448370075539079,tenure,InternetService=Fiber optic,Contract=Month-to-month,Enroll in 90-day onboarding check-in program,85.16
1374-DMZUI,0.8410693195730006,tenure,InternetService=Fiber optic,Contract=Month-to-month,Enroll in 90-day onboarding check-in program,79.31
8098-LLAZX,0.8371193612440375,tenure,InternetService=Fiber optic,Contract=Month-to-month,Enroll in 90-day onboarding check-in program,79.9
8149-RSOUN,0.8328859090436879,tenure,InternetService=Fiber optic,Contract=Month-to-month,Enroll in 90-day onboarding check-in program,78.17
0295-PPHDO,0.8315825727046235,tenure,InternetService=Fiber optic,Contract=Month-to-month,Enroll in 90-day onboarding check-in program,79.37
4910-GMJOT,0.8308504110376242,tenure,InternetService=Fiber optic,Contract=Month-to-month,Enroll in 90-day onboarding check-in program,78.6
6861-XWTWQ,0.8281470288241958,tenure,InternetService=Fiber optic,Contract=Month-to-month,Enroll in 90-day onboarding check-in program,82.19
7851-WZEKY,0.825454193505948,tenure,InternetService=Fiber optic,Contract=Month-to-month,Enroll in 90-day onboarding check-in program,78.54
3049-SOLAY,0.8241103927492428,tenure,InternetService=Fiber optic,Contract=Month-to-month,Enroll in 90-day onboarding check-in program,78.46
5419-JPRRN,0.8233006273921646,tenure,InternetService=Fiber optic,Contract=Month-to-month,Enroll in 90-day onboarding check-in program,83.52
3158-MOERK,0.8222771659491045,tenure,InternetService=Fiber optic,Contract=Month-to-month,Enroll in 90-day onboarding check-in program,78.94
4826-XTSOH,0.821693078423615,tenure,InternetService=Fiber optic,Contract=Month-to-month,Enroll in 90-day onboarding check-in program,70.71
8884-ADFVN,0.8216919358497093,tenure,InternetService=Fiber optic,Contract=Month-to-month,Enroll in 90-day onboarding check-in program,83.77
3068-OMWZA,0.8194488098000212,tenure,InternetService=Fiber optic,Contract=Month-to-month,Enroll in 90-day onboarding check-in program,72.77
4822-RVYBB,0.819176435736512,tenure,InternetService=Fiber optic,Contract=Month-to-month,Enroll in 90-day onboarding check-in program,82.41
1069-XAIEM,0.8184928525555483,tenure,InternetService=Fiber optic,Contract=Month-to-month,Enroll in 90-day onboarding check-in program,69.61
6023-YEBUP,0.817586408008631,tenure,InternetService=Fiber optic,Contract=Month-to-month,Enroll in 90-day onboarding check-in program,82.54
2545-EBUPK,0.8173336564111429,tenure,InternetService=Fiber optic,Contract=Month-to-month,Enroll in 90-day onboarding check-in program,68.7
9057-SIHCH,0.8170418711564766,tenure,InternetService=Fiber optic,Contract=Month-to-month,Enroll in 90-day onboarding check-in program,78.93
5192-EBGOV,0.8164748310629817,tenure,InternetService=Fiber optic,Contract=Month-to-month,Enroll in 90-day onboarding check-in program,69.97
1400-MMYXY,0.8157033005911654,tenure,InternetService=Fiber optic,Contract=Month-to-month,Enroll in 90-day onboarding check-in program,86.38
0781-LKXBR,0.8153107452690056,tenure,InternetService=Fiber optic,Contract=Month-to-month,Enroll in 90-day onboarding check-in program,81.94
6496-SLWHQ,0.8138806330431434,tenure,InternetService=Fiber optic,Contract=Month-to-month,Enroll in 90-day onboarding check-in program,85.46
2660-EMUBI,0.8133113649267137,tenure,InternetService=Fiber optic,Contract=Month-to-month,Enroll in 90-day onboarding check-in program,77.55
5277-ZLOOR,0.8128054286947726,tenure,InternetService=Fiber optic,Contract=Month-to-month,Enroll in 90-day onboarding check-in program,69.54
4695-WJZUE,0.8125737205131489,tenure,InternetService=Fiber optic,Contract=Month-to-month,Enroll in 90-day onboarding check-in program,71.95
6630-UJZMY,0.811503605966637,tenure,InternetService=Fiber optic,Contract=Month-to-month,Enroll in 90-day onboarding check-in program,67.56
8161-QYMTT,0.8113525061185791,tenure,InternetService=Fiber optic,Contract=Month-to-month,Enroll in 90-day onboarding check-in program,76.35
1415-YFWLT,0.8107773897728119,tenure,InternetService=Fiber optic,Contract=Month-to-month,Enroll in 90-day onboarding check-in program,72.4
2012-NWRPA,0.8099649107164041,tenure,InternetService=Fiber optic,Contract=Month-to-month,Enroll in 90-day onboarding check-in program,80.63
4626-GYCZP,0.8097325281971369,tenure,InternetService=Fiber optic,Contract=Month-to-month,Enroll in 90-day onboarding check-in program,75.99
2446-BEGGB,0.8079782398592917,tenure,InternetService=Fiber optic,Contract=Month-to-month,Enroll in 90-day onboarding check-in program,79.38
9681-OXGVC,0.8066104742288446,tenure,InternetService=Fiber optic,Contract=Month-to-month,Enroll in 90-day onboarding check-in program,81.06
4750-ZRXIU,0.8063023389746836,tenure,InternetService=Fiber optic,Contract=Month-to-month,Enroll in 90-day onboarding check-in program,68.21
9061-TIHDA,0.8052224765296743,tenure,InternetService=Fiber optic,Contract=Month-to-month,Enroll in 90-day onboarding check-in program,76.7
7450-NWRTR,0.8050558896670352,tenure,InternetService=Fiber optic,Contract=Month-to-month,Enroll in 90-day onboarding check-in program,80.06
3988-RQIXO,0.8047513940533009,tenure,InternetService=Fiber optic,Contract=Month-to-month,Enroll in 90-day onboarding check-in program,73.47
6521-YYTYI,0.8047396464699867,tenure,InternetService=Fiber optic,Contract=Month-to-month,Enroll in 90-day onboarding check-in program,75.08
1273-MTETI,0.8028196374870303,tenure,InternetService=Fiber optic,Contract=Month-to-month,Enroll in 90-day onboarding check-in program,71.33
3793-MMFUH,0.8013000976475583,tenure,InternetService=Fiber optic,Contract=Month-to-month,Enroll in 90-day onboarding check-in program,76.16
2865-TCHJW,0.8005999496021491,tenure,InternetService=Fiber optic,Contract=Month-to-month,Enroll in 90-day onboarding check-in program,71.41
1455-UGQVH,0.7984631771364964,tenure,InternetService=Fiber optic,Contract=Month-to-month,Enroll in 90-day onboarding check-in program,78.65
0196-VULGZ,0.7983478255020182,tenure,InternetService=Fiber optic,Contract=Month-to-month,Enroll in 90-day onboarding check-in program,67.34
4912-PIGUY,0.7972814345633705,tenure,InternetService=Fiber optic,Contract=Month-to-month,Enroll in 90-day onboarding check-in program,67.45
7943-RQCHR,0.7967887317517691,tenure,InternetService=Fiber optic,Contract=Month-to-month,Enroll in 90-day onboarding check-in program,75.5
2656-TABEH,0.7966322904974629,tenure,InternetService=Fiber optic,Contract=Month-to-month,Enroll in 90-day onboarding check-in program,79.82
9305-CDSKC,0.7963087122310504,tenure,InternetService=Fiber optic,Contract=Month-to-month,Enroll in 90-day onboarding check-in program,79.35
9282-IZGQK,0.796172107883779,tenure,InternetService=Fiber optic,Contract=Month-to-month,Enroll in 90-day onboarding check-in program,67.67
8972-HJWNV,0.7959779066555812,tenure,InternetService=Fiber optic,Contract=Month-to-month,Enroll in 90-day onboarding check-in program,67.3
3489-HHPFY,0.7959112909825264,tenure,InternetService=Fiber optic,Contract=Month-to-month,Enroll in 90-day onboarding check-in program,66.9
1724-BQUHA,0.7956766613307927,tenure,InternetService=Fiber optic,Contract=Month-to-month,Enroll in 90-day onboarding check-in program,71.21
0564-JJHGS,0.7956003373364876,tenure,InternetService=Fiber optic,Contract=Month-to-month,Enroll in 90-day onboarding check-in program,75.98
6513-EECDB,0.794947112100172,tenure,InternetService=Fiber optic,Contract=Month-to-month,Enroll in 90-day onboarding check-in program,58.47
8603-IJWDN,0.7946530328974252,tenure,InternetService=Fiber optic,Contract=Month-to-month,Enroll in 90-day onboarding check-in program,68.82
6350-XFYGW,0.7946149054012202,tenure,InternetService=Fiber optic,Contract=Month-to-month,Enroll in 90-day onboarding check-in program,75.29
3722-WPXTK,0.7942303641446482,tenure,InternetService=Fiber optic,Contract=Month-to-month,Enroll in 90-day onboarding check-in program,70.17
3320-VEOYC,0.7941675578352982,tenure,InternetService=Fiber optic,Contract=Month-to-month,Enroll in 90-day onboarding check-in program,75.92
0107-YHINA,0.7940379614867058,tenure,InternetService=Fiber optic,Contract=Month-to-month,Enroll in 90-day onboarding check-in program,79.21
2982-VPSGI,0.7930587928048831,tenure,InternetService=Fiber optic,Contract=Month-to-month,Enroll in 90-day onboarding check-in program,74.55
0259-GBZSH,0.7928336726343681,tenure,InternetService=Fiber optic,Contract=Month-to-month,Enroll in 90-day onboarding check-in program,67.91
0021-IKXGC,0.7926767948853641,tenure,InternetService=Fiber optic,Contract=Month-to-month,Enroll in 90-day onboarding check-in program,57.15
1075-BGWOH,0.7922664973504266,tenure,InternetService=Fiber optic,Contract=Month-to-month,Enroll in 90-day onboarding check-in program,78.24
4102-OQUPX,0.7922453910568862,tenure,InternetService=Fiber optic,Contract=Month-to-month,Enroll in 90-day onboarding check-in program,58.94
8775-LHDJH,0.791913217685892,tenure,InternetService=Fiber optic,Contract=Month-to-month,Enroll in 90-day onboarding check-in program,71.75
1455-ESIQH,0.7918417036265151,tenure,InternetService=Fiber optic,Contract=Month-to-month,Enroll in 90-day onboarding check-in program,70.55
7668-XCFYV,0.7917459186837436,tenure,InternetService=Fiber optic,Contract=Month-to-month,Enroll in 90-day onboarding check-in program,73.28
2205-YMZZJ,0.7914077305813588,tenure,InternetService=Fiber optic,Contract=Month-to-month,Enroll in 90-day onboarding check-in program,67.11
7577-SWIFR,0.7913615264382983,tenure,InternetService=Fiber optic,Contract=Month-to-month,Enroll in 90-day onboarding check-in program,70.63
8473-VUVJN,0.7912987795936295,tenure,InternetService=Fiber optic,Contract=Month-to-month,Enroll in 90-day onboarding check-in program,58.28
6474-FVJLC,0.7912295944861052,tenure,InternetService=Fiber optic,Contract=Month-to-month,Enroll in 90-day onboarding check-in program,68.05
0970-ETWGE,0.7903987266052804,tenure,InternetService=Fiber optic,Contract=Month-to-month,Enroll in 90-day onboarding check-in program,70.78
2725-KXXWT,0.7899028543855041,tenure,InternetService=Fiber optic,Contract=Month-to-month,Enroll in 90-day onboarding check-in program,71.68
9134-CEQMF,0.7898848287178271,tenure,InternetService=Fiber optic,Contract=Month-to-month,Enroll in 90-day onboarding check-in program,70.69
3027-ZTDHO,0.7892713388255757,tenure,InternetService=Fiber optic,Contract=Month-to-month,Enroll in 90-day onboarding check-in program,70.96
8593-WHYHV,0.788896955665411,tenure,InternetService=Fiber optic,Contract=Month-to-month,Enroll in 90-day onboarding check-in program,67.29
3551-HUAZH,0.7888851338275138,tenure,InternetService=Fiber optic,Contract=Month-to-month,Enroll in 90-day onboarding check-in program,58.69
1143-NMNQJ,0.7887747794515351,tenure,InternetService=Fiber optic,Contract=Month-to-month,Enroll in 90-day onboarding check-in program,67.6
0187-QSXOE,0.7887298357184985,tenure,InternetService=Fiber optic,Contract=Month-to-month,Enroll in 90-day onboarding check-in program,70.2
0723-DRCLG,0.7884871773726594,tenure,InternetService=Fiber optic,Contract=Month-to-month,Enroll in 90-day onboarding check-in program,58.7
8414-MYSHR,0.7884481071936027,tenure,InternetService=Fiber optic,Contract=Month-to-month,Enroll in 90-day onboarding check-in program,72.06
3389-YGYAI,0.7881579169975493,tenure,InternetService=Fiber optic,Contract=Month-to-month,Enroll in 90-day onboarding check-in program,83.15
5383-MMTWC,0.788028980869359,tenure,InternetService=Fiber optic,Contract=Month-to-month,Enroll in 90-day onboarding check-in program,66.19
5240-IJOQT,0.7879139688907042,tenure,InternetService=Fiber optic,Contract=Month-to-month,Enroll in 90-day onboarding check-in program,58.86
4847-TAJYI,0.7876359584538907,tenure,InternetService=Fiber optic,Contract=Month-to-month,Enroll in 90-day onboarding check-in program,70.38
7274-RTAPZ,0.7871658429778774,tenure,InternetService=Fiber optic,Contract=Month-to-month,Enroll in 90-day onboarding check-in program,71.28
9965-YOKZB,0.7871530691686099,tenure,InternetService=Fiber optic,Contract=Month-to-month,Enroll in 90-day onboarding check-in program,66.0
4927-WWOOZ,0.7865954948408796,tenure,InternetService=Fiber optic,Contract=Month-to-month,Enroll in 90-day onboarding check-in program,71.93
7225-CBZPL,0.786011789385078,tenure,InternetService=Fiber optic,Contract=Month-to-month,Enroll in 90-day onboarding check-in program,74.51
1833-VGRUM,0.7859000251106252,tenure,InternetService=Fiber optic,Contract=Month-to-month,Enroll in 90-day onboarding check-in program,58.31
4988-IQIGL,0.7857985915325616,tenure,InternetService=Fiber optic,Contract=Month-to-month,Enroll in 90-day onboarding check-in program,59.21
2968-SSGAA,0.7856240331509066,tenure,InternetService=Fiber optic,Contract=Month-to-month,Enroll in 90-day onboarding check-in program,79.03
6894-LFHLY,0.7844892128690869,tenure,InternetService=Fiber optic,Contract=Month-to-month,Enroll in 90-day onboarding check-in program,59.43
0897-FEGMU,0.7839258110872881,tenure,InternetService=Fiber optic,Contract=Month-to-month,Enroll in 90-day onboarding check-in program,78.0
3319-DWOEP,0.783615372665166,tenure,InternetService=Fiber optic,Contract=Month-to-month,Enroll in 90-day onboarding check-in program,75.03
8245-UMPYT,0.7829393541077618,tenure,InternetService=Fiber optic,Contract=Month-to-month,Enroll in 90-day onboarding check-in program,75.48
5935-FCCNB,0.7826606126396317,tenure,InternetService=Fiber optic,Contract=Month-to-month,Enroll in 90-day onboarding check-in program,73.73
9248-OJYKK,0.7821838556486382,tenure,InternetService=Fiber optic,Contract=Month-to-month,Enroll in 90-day onboarding check-in program,59.8
3727-RJMEO,0.7821454640386145,tenure,InternetService=Fiber optic,Contract=Month-to-month,Enroll in 90-day onboarding check-in program,64.8
0697-ZMSWS,0.7820515525954975,tenure,InternetService=Fiber optic,Contract=Month-to-month,Enroll in 90-day onboarding check-in program,66.98
5565-FILXA,0.7816918111173651,tenure,InternetService=Fiber optic,Contract=Month-to-month,Enroll in 90-day onboarding check-in program,75.16
2642-DTVCO,0.7814284884067028,tenure,InternetService=Fiber optic,Contract=Month-to-month,Enroll in 90-day onboarding check-in program,66.46
7526-BEZQB,0.7806934125626717,tenure,InternetService=Fiber optic,Contract=Month-to-month,Enroll in 90-day onboarding check-in program,74.99
9546-CQJSU,0.7805219457941867,tenure,InternetService=Fiber optic,Contract=Month-to-month,Enroll in 90-day onboarding check-in program,71.34
8058-JMEQO,0.7803738796067026,tenure,InternetService=Fiber optic,Contract=Month-to-month,Enroll in 90-day onboarding check-in program,65.9
3902-FOIGH,0.7800113652072451,tenure,InternetService=Fiber optic,Contract=Month-to-month,Enroll in 90-day onboarding check-in program,79.05
4115-NZRKS,0.7798880697769883,tenure,InternetService=Fiber optic,Contract=Month-to-month,Enroll in 90-day onboarding check-in program,69.53
7228-OMTPN,0.7792860760532371,tenure,InternetService=Fiber optic,Contract=Month-to-month,Enroll in 90-day onboarding check-in program,68.93
1658-BYGOY,0.7792309293242917,tenure,InternetService=Fiber optic,Contract=Month-to-month,Enroll in 90-day onboarding check-in program,74.38
4078-SAYYN,0.7791942800895786,tenure,InternetService=Fiber optic,Contract=Month-to-month,Enroll in 90-day onboarding check-in program,78.5
5519-NPHVG,0.7790833305174933,tenure,InternetService=Fiber optic,Contract=Month-to-month,Enroll in 90-day onboarding check-in program,73.39
3811-VBYBZ,0.7788391516611776,tenure,InternetService=Fiber optic,Contract=Month-to-month,Enroll in 90-day onboarding check-in program,77.73
8580-AECUZ,0.7787481292726632,tenure,InternetService=Fiber optic,Contract=Month-to-month,Enroll in 90-day onboarding check-in program,61.6
8739-XNIKG,0.7784152283240215,tenure,InternetService=Fiber optic,Contract=Month-to-month,Enroll in 90-day onboarding check-in program,65.39
2034-GDRCN,0.7783783460799685,tenure,InternetService=Fiber optic,Contract=Month-to-month,Enroll in 90-day onboarding check-in program,70.37
7488-MXJIV,0.7774691312190941,tenure,InternetService=Fiber optic,Contract=Month-to-month,Enroll in 90-day onboarding check-in program,66.59
4145-UQXUQ,0.777458251843094,tenure,InternetService=Fiber optic,Contract=Month-to-month,Enroll in 90-day onboarding check-in program,71.6
8337-UPOAQ,0.7769058166360642,tenure,InternetService=Fiber optic,Contract=Month-to-month,Enroll in 90-day onboarding check-in program,69.77
1624-NALOJ,0.7767327142576924,tenure,InternetService=Fiber optic,Contract=Month-to-month,Enroll in 90-day onboarding check-in program,69.75
4548-SDBKE,0.7763747350969361,tenure,InternetService=Fiber optic,Contract=Month-to-month,Enroll in 90-day onboarding check-in program,66.15
9611-CTWIH,0.7756876898682584,tenure,InternetService=Fiber optic,Contract=Month-to-month,Enroll in 90-day onboarding check-in program,69.39
1304-NECVQ,0.7755480689325926,tenure,InternetService=Fiber optic,Contract=Month-to-month,Enroll in 90-day onboarding check-in program,60.92
0236-HFWSV,0.7753814930453964,tenure,InternetService=Fiber optic,Contract=Month-to-month,Enroll in 90-day onboarding check-in program,72.38
7779-LGOVN,0.7751478777211162,tenure,InternetService=Fiber optic,Contract=Month-to-month,Enroll in 90-day onboarding check-in program,67.17
2265-CYWIV,0.7750987961517629,tenure,InternetService=Fiber optic,Contract=Month-to-month,Enroll in 90-day onboarding check-in program,77.2
0754-UKWQP,0.774914448194242,tenure,InternetService=Fiber optic,Contract=Month-to-month,Enroll in 90-day onboarding check-in program,74.28
6567-HOOPW,0.7746458244877327,tenure,InternetService=Fiber optic,Contract=Month-to-month,Enroll in 90-day onboarding check-in program,61.35
1626-ERCMM,0.7740628699136611,tenure,InternetService=Fiber optic,Contract=Month-to-month,Enroll in 90-day onboarding check-in program,73.19
4587-VVTOX,0.7736347765412669,tenure,InternetService=Fiber optic,Contract=Month-to-month,Enroll in 90-day onboarding check-in program,81.46
6969-MVBAI,0.7733211111827188,tenure,InternetService=Fiber optic,Contract=Month-to-month,Enroll in 90-day onboarding check-in program,69.68
7576-OYWBN,0.7721463496713711,tenure,InternetService=Fiber optic,Contract=Month-to-month,Enroll in 90-day onboarding check-in program,58.72
3452-GWUIN,0.7721014634405989,tenure,InternetService=Fiber optic,Contract=Month-to-month,Enroll in 90-day onboarding check-in program,73.31
3318-NMQXL,0.7718067564733914,tenure,InternetService=Fiber optic,Contract=Month-to-month,Enroll in 90-day onboarding check-in program,71.01
4713-LZDRV,0.7692106555709187,tenure,InternetService=Fiber optic,Contract=Month-to-month,Enroll in 90-day onboarding check-in program,61.23
8258-GSTJK,0.7690957772686834,tenure,InternetService=Fiber optic,Contract=Month-to-month,Enroll in 90-day onboarding check-in program,59.22
4192-GORJT,0.7687348010591717,tenure,InternetService=Fiber optic,Contract=Month-to-month,Enroll in 90-day onboarding check-in program,72.61
3621-CEOVK,0.768492267472356,tenure,InternetService=Fiber optic,Contract=Month-to-month,Enroll in 90-day onboarding check-in program,77.0
1564-NTYXF,0.7679947906253298,tenure,InternetService=Fiber optic,Contract=Month-to-month,Enroll in 90-day onboarding check-in program,62.98
3643-AHCFP,0.767964645358652,tenure,InternetService=Fiber optic,Contract=Month-to-month,Enroll in 90-day onboarding check-in program,73.42
1197-BVMVG,0.7674083199286877,tenure,InternetService=Fiber optic,Contract=Month-to-month,Enroll in 90-day onboarding check-in program,57.13
0722-TROQR,0.7669771046780092,tenure,InternetService=Fiber optic,Contract=Month-to-month,Enroll in 90-day onboarding check-in program,57.45
8382-SHQEH,0.7661089042877484,tenure,InternetService=Fiber optic,Contract=Month-to-month,Enroll in 90-day onboarding check-in program,65.04
9221-OTIVJ,0.7657802911988403,tenure,InternetService=Fiber optic,Contract=Month-to-month,Enroll in 90-day onboarding check-in program,80.29
1875-QIVME,0.7656894689480925,tenure,InternetService=Fiber optic,Contract=Month-to-month,Enroll in 90-day onboarding check-in program,79.94
6161-UUUTA,0.7654999956986381,tenure,InternetService=Fiber optic,Contract=Month-to-month,Enroll in 90-day onboarding check-in program,61.16
5380-AFSSK,0.7654961711489437,tenure,InternetService=Fiber optic,Contract=Month-to-month,Enroll in 90-day onboarding check-in program,71.88
6230-BSUXY,0.7652196314653782,tenure,InternetService=Fiber optic,Contract=Month-to-month,Enroll in 90-day onboarding check-in program,65.04
0680-DFNNY,0.7648450172385726,tenure,InternetService=Fiber optic,Contract=Month-to-month,Enroll in 90-day onboarding check-in program,77.33
3606-TWKGI,0.7645801587319436,tenure,InternetService=Fiber optic,Contract=Month-to-month,Enroll in 90-day onboarding check-in program,81.73
6683-VLCTZ,0.7645122561531817,tenure,InternetService=Fiber optic,Contract=Month-to-month,Enroll in 90-day onboarding check-in program,75.34
2462-XIIJB,0.7642672583974878,tenure,InternetService=Fiber optic,Contract=Month-to-month,Enroll in 90-day onboarding check-in program,70.69
5956-VKDTT,0.7639212274555256,tenure,InternetService=Fiber optic,Contract=Month-to-month,Enroll in 90-day onboarding check-in program,56.8
7398-SKNQZ,0.7638342878222394,tenure,InternetService=Fiber optic,Contract=Month-to-month,Enroll in 90-day onboarding check-in program,72.49
9451-LPGOO,0.7627352746844148,tenure,InternetService=Fiber optic,Contract=Month-to-month,Enroll in 90-day onboarding check-in program,66.21
3097-NQYSN,0.762710598200023,tenure,InternetService=Fiber optic,Contract=Month-to-month,Enroll in 90-day onboarding check-in program,66.24
2990-HWIML,0.7621461091005758,tenure,InternetService=Fiber optic,Contract=Month-to-month,Enroll in 90-day onboarding check-in program,68.21
6358-LYNGM,0.7620434498893938,tenure,InternetService=Fiber optic,Contract=Month-to-month,Enroll in 90-day onboarding check-in program,57.08
4086-YQSNZ,0.7619073515474948,tenure,InternetService=Fiber optic,Contract=Month-to-month,Enroll in 90-day onboarding check-in program,61.26
1157-BQCUW,0.7618674683147348,tenure,InternetService=Fiber optic,Contract=Month-to-month,Enroll in 90-day onboarding check-in program,57.1
1925-TIBLE,0.7617668185604491,tenure,InternetService=Fiber optic,Contract=Month-to-month,Enroll in 90-day onboarding check-in program,65.89
4094-NSEDU,0.7616100960292461,tenure,InternetService=Fiber optic,Contract=Month-to-month,Enroll in 90-day onboarding check-in program,71.78
1452-VOQCH,0.7613389869644231,tenure,InternetService=Fiber optic,Contract=Month-to-month,Enroll in 90-day onboarding check-in program,57.18
6108-OQZDQ,0.7607934134660929,tenure,InternetService=Fiber optic,Contract=Month-to-month,Enroll in 90-day onboarding check-in program,74.52
9787-XVQIU,0.7606330935920439,tenure,InternetService=Fiber optic,Contract=Month-to-month,Enroll in 90-day onboarding check-in program,57.28
8931-GJJIQ,0.7605017799731862,tenure,InternetService=Fiber optic,Contract=Month-to-month,Enroll in 90-day onboarding check-in program,63.35
5834-ASPWA,0.7601027354147463,tenure,InternetService=Fiber optic,Contract=Month-to-month,Enroll in 90-day onboarding check-in program,57.35
4415-IJZTP,0.7595044514961182,tenure,InternetService=Fiber optic,Contract=Month-to-month,Enroll in 90-day onboarding check-in program,56.58
1579-KLYDT,0.7590030804104824,tenure,InternetService=Fiber optic,Contract=Month-to-month,Enroll in 90-day onboarding check-in program,68.65
0916-QOFDP,0.7576141005583905,tenure,InternetService=Fiber optic,Contract=Month-to-month,Enroll in 90-day onboarding check-in program,72.58
8816-VXNZD,0.7573713709738265,tenure,InternetService=Fiber optic,Contract=Month-to-month,Enroll in 90-day onboarding check-in program,56.88
9231-ZJYAM,0.7573673791702844,tenure,InternetService=Fiber optic,Contract=Month-to-month,Enroll in 90-day onboarding check-in program,59.72
5955-ERIHD,0.7570207383453241,tenure,InternetService=Fiber optic,Contract=Month-to-month,Enroll in 90-day onboarding check-in program,71.69
3096-GKWEB,0.7570110696818455,tenure,InternetService=Fiber optic,Contract=Month-to-month,Enroll in 90-day onboarding check-in program,71.73
2215-ZAFGX,0.7558933886706575,tenure,InternetService=Fiber optic,Contract=Month-to-month,Enroll in 90-day onboarding check-in program,64.63
5229-PRWKT,0.7555342381888153,tenure,InternetService=Fiber optic,Contract=Month-to-month,Enroll in 90-day onboarding check-in program,65.39
2691-NZETQ,0.7549987555440623,tenure,InternetService=Fiber optic,Contract=Month-to-month,Enroll in 90-day onboarding check-in program,64.44
6979-ZNSFF,0.7544270302708418,tenure,InternetService=Fiber optic,Contract=Month-to-month,Enroll in 90-day onboarding check-in program,65.67
6688-UZPWD,0.7541033729852358,tenure,InternetService=Fiber optic,Contract=Month-to-month,Enroll in 90-day onboarding check-in program,76.92
0195-IESCP,0.7540237543910547,tenure,InternetService=Fiber optic,Contract=Month-to-month,Enroll in 90-day onboarding check-in program,64.28
2077-MPJQO,0.7539257020065477,tenure,InternetService=Fiber optic,Contract=Month-to-month,Enroll in 90-day onboarding check-in program,56.85
9334-GWGOW,0.7538430677145018,tenure,InternetService=Fiber optic,Contract=Month-to-month,Enroll in 90-day onboarding check-in program,56.43
4228-ZGYUW,0.7533866992258522,tenure,InternetService=Fiber optic,Contract=Month-to-month,Enroll in 90-day onboarding check-in program,67.84
8740-CRYFY,0.7533753785614066,tenure,InternetService=Fiber optic,Contract=Month-to-month,Enroll in 90-day onboarding check-in program,59.48
5960-WPXQM,0.7530146581650026,tenure,InternetService=Fiber optic,Contract=Month-to-month,Enroll in 90-day onboarding check-in program,59.53
1941-HOSAM,0.7529731819312214,tenure,InternetService=Fiber optic,Contract=Month-to-month,Enroll in 90-day onboarding check-in program,67.84
4951-UKAAQ,0.7528020805898863,tenure,InternetService=Fiber optic,Contract=Month-to-month,Enroll in 90-day onboarding check-in program,66.96
2868-MZAGQ,0.7524621094054407,tenure,InternetService=Fiber optic,Contract=Month-to-month,Enroll in 90-day onboarding check-in program,59.63
9189-JWSHV,0.75218716196589,tenure,InternetService=Fiber optic,Contract=Month-to-month,Enroll in 90-day onboarding check-in program,70.37
9809-IMGCQ,0.7520596756073737,tenure,InternetService=Fiber optic,Contract=Month-to-month,Enroll in 90-day onboarding check-in program,72.72
0404-SWRVG,0.7517088172059764,tenure,InternetService=Fiber optic,Contract=Month-to-month,Enroll in 90-day onboarding check-in program,55.93
3387-VATUS,0.7514475297829857,tenure,InternetService=Fiber optic,Contract=Month-to-month,Enroll in 90-day onboarding check-in program,71.27
2514-GINMM,0.7513870332322606,tenure,InternetService=Fiber optic,Contract=Month-to-month,Enroll in 90-day onboarding check-in program,59.74
0318-QUUOB,0.7513721186084932,tenure,InternetService=Fiber optic,Contract=Month-to-month,Enroll in 90-day onboarding check-in program,60.52
9957-YODKZ,0.7512587659065053,tenure,InternetService=Fiber optic,Contract=Month-to-month,Enroll in 90-day onboarding check-in program,60.7
2672-HUYVI,0.7512503357166023,tenure,InternetService=Fiber optic,Contract=Month-to-month,Enroll in 90-day onboarding check-in program,68.44
1761-AEZZR,0.7512057436777047,tenure,InternetService=Fiber optic,Contract=Month-to-month,Enroll in 90-day onboarding check-in program,59.76
7249-WBIYX,0.7507561879173873,tenure,InternetService=Fiber optic,Contract=Month-to-month,Enroll in 90-day onboarding check-in program,64.26
0637-KVDLV,0.750616486070762,tenure,InternetService=Fiber optic,Contract=Month-to-month,Enroll in 90-day onboarding check-in program,57.42
7156-MHUGY,0.7503660911623063,tenure,InternetService=Fiber optic,Contract=Month-to-month,Enroll in 90-day onboarding check-in program,67.91
7817-BOQPW,0.750214035839661,tenure,InternetService=Fiber optic,Contract=Month-to-month,Enroll in 90-day onboarding check-in program,56.68
2609-IAICY,0.7499867936452933,tenure,InternetService=Fiber optic,Contract=Month-to-month,Enroll in 90-day onboarding check-in program,57.86
9300-RENDD,0.7497522468532055,tenure,InternetService=Fiber optic,Contract=Month-to-month,Enroll in 90-day onboarding check-in program,59.94
5299-SJCZT,0.7496707052660947,tenure,InternetService=Fiber optic,Contract=Month-to-month,Enroll in 90-day onboarding check-in program,76.13
7234-FECYN,0.7489993236974395,tenure,InternetService=Fiber optic,Contract=Month-to-month,Enroll in 90-day onboarding check-in program,75.91
6229-LSCKB,0.7482179360854765,tenure,InternetService=Fiber optic,Contract=Month-to-month,Enroll in 90-day onboarding check-in program,59.63
7341-LXCAF,0.7481649983827137,tenure,InternetService=Fiber optic,Contract=Month-to-month,Enroll in 90-day onboarding check-in program,55.85
1618-CFHME,0.7479068777375756,tenure,InternetService=Fiber optic,Contract=Month-to-month,Enroll in 90-day onboarding check-in program,56.77
4273-MBHYA,0.7478311474641188,tenure,InternetService=Fiber optic,Contract=Month-to-month,Enroll in 90-day onboarding check-in program,66.82
7439-DKZTW,0.7475614183146791,tenure,InternetService=Fiber optic,Contract=Month-to-month,Enroll in 90-day onboarding check-in program,60.22
9306-CPCBC,0.747335277017603,tenure,InternetService=Fiber optic,Contract=Month-to-month,Enroll in 90-day onboarding check-in program,55.49
3519-ZKXGG,0.7472909961522962,tenure,InternetService=Fiber optic,Contract=Month-to-month,Enroll in 90-day onboarding check-in program,56.68
6892-EZDTG,0.7469418047540769,tenure,InternetService=Fiber optic,Contract=Month-to-month,Enroll in 90-day onboarding check-in program,68.46
6457-USBER,0.7468173583456623,tenure,InternetService=Fiber optic,Contract=Month-to-month,Enroll in 90-day onboarding check-in program,60.34
8058-INTPH,0.746758831981432,tenure,InternetService=Fiber optic,Contract=Month-to-month,Enroll in 90-day onboarding check-in program,59.48
0495-RVCBF,0.7467478627664399,tenure,InternetService=Fiber optic,Contract=Month-to-month,Enroll in 90-day onboarding check-in program,59.52
7503-ZGUZJ,0.7465372500867953,tenure,InternetService=Fiber optic,Contract=Month-to-month,Enroll in 90-day onboarding check-in program,63.19
0702-PGIBZ,0.7465142684604315,tenure,InternetService=Fiber optic,Contract=Month-to-month,Enroll in 90-day onboarding check-in program,75.92
9725-SCPZG,0.7464341572450782,tenure,InternetService=Fiber optic,Contract=Month-to-month,Enroll in 90-day onboarding check-in program,67.81
0325-XBFAC,0.7463801665116161,tenure,InternetService=Fiber optic,Contract=Month-to-month,Enroll in 90-day onboarding check-in program,70.68
8357-EQXFO,0.7460065430338881,tenure,InternetService=Fiber optic,Contract=Month-to-month,Enroll in 90-day onboarding check-in program,71.13
9025-AOMKI,0.7457923807727893,tenure,InternetService=Fiber optic,Contract=Month-to-month,Enroll in 90-day onboarding check-in program,69.77
4140-MUHUG,0.7453335428536786,tenure,InternetService=Fiber optic,Contract=Month-to-month,Enroll in 90-day onboarding check-in program,64.73
4090-KPJIP,0.7448244031624917,tenure,InternetService=Fiber optic,Contract=Month-to-month,Enroll in 90-day onboarding check-in program,55.82
5494-HECPR,0.7445507259564514,tenure,InternetService=Fiber optic,Contract=Month-to-month,Enroll in 90-day onboarding check-in program,59.75
4234-XTNEA,0.744280786257969,tenure,InternetService=Fiber optic,Contract=Month-to-month,Enroll in 90-day onboarding check-in program,59.51
8083-YTZES,0.7438285491999785,tenure,InternetService=Fiber optic,Contract=Month-to-month,Enroll in 90-day onboarding check-in program,55.3
8086-OVPWV,0.7438174392937308,tenure,InternetService=Fiber optic,Contract=Month-to-month,Enroll in 90-day onboarding check-in program,59.65
9944-HKVVB,0.7434805597256663,tenure,InternetService=Fiber optic,Contract=Month-to-month,Enroll in 90-day onboarding check-in program,70.71
2027-FECZV,0.7431671844058381,tenure,InternetService=Fiber optic,Contract=Month-to-month,Enroll in 90-day onboarding check-in program,79.3
4581-SSPWD,0.7431640391510689,tenure,InternetService=Fiber optic,Contract=Month-to-month,Enroll in 90-day onboarding check-in program,56.33
1320-HTRDR,0.7431344103992658,tenure,InternetService=Fiber optic,Contract=Month-to-month,Enroll in 90-day onboarding check-in program,56.11
9837-BMCLM,0.7429835579355586,tenure,InternetService=Fiber optic,Contract=Month-to-month,Enroll in 90-day onboarding check-in program,58.32
2202-CUYXZ,0.7428096288994439,tenure,InternetService=Fiber optic,Contract=Month-to-month,Enroll in 90-day onboarding check-in program,63.03
6615-NGGZJ,0.7427909313593921,tenure,InternetService=Fiber optic,Contract=Month-to-month,Enroll in 90-day onboarding check-in program,74.69
7613-LLQFO,0.7427623611908065,tenure,InternetService=Fiber optic,Contract=Month-to-month,Enroll in 90-day onboarding check-in program,62.73
0655-RBDUG,0.7423863663561141,tenure,InternetService=Fiber optic,Contract=Month-to-month,Enroll in 90-day onboarding check-in program,72.79
8992-JQYUN,0.742382670352877,tenure,MonthlyCharges,Contract=Month-to-month,Enroll in 90-day onboarding check-in program,37.38
4952-YSOGZ,0.7422907332476701,tenure,InternetService=Fiber optic,Contract=Month-to-month,Enroll in 90-day onboarding check-in program,63.8
8087-LGYHQ,0.7422630978317964,tenure,InternetService=Fiber optic,Contract=Month-to-month,Enroll in 90-day onboarding check-in program,69.81
6860-YRJZP,0.7422534507075339,tenure,InternetService=Fiber optic,Contract=Month-to-month,Enroll in 90-day onboarding check-in program,54.96
5835-BEQEU,0.7421922153522708,tenure,InternetService=Fiber optic,Contract=Month-to-month,Enroll in 90-day onboarding check-in program,57.11
9689-PTNPG,0.7418125640963471,tenure,InternetService=Fiber optic,Contract=Month-to-month,Enroll in 90-day onboarding check-in program,59.53
4614-NUVZD,0.7415758608721478,tenure,InternetService=Fiber optic,Contract=Month-to-month,Enroll in 90-day onboarding check-in program,60.14
4112-LUEIZ,0.7407036037022724,tenure,InternetService=Fiber optic,Contract=Month-to-month,Enroll in 90-day onboarding check-in program,66.29
9878-TNQGW,0.7405509269901176,tenure,InternetService=Fiber optic,Contract=Month-to-month,Enroll in 90-day onboarding check-in program,59.95
7330-WZLNC,0.740540233726179,tenure,InternetService=Fiber optic,Contract=Month-to-month,Enroll in 90-day onboarding check-in program,67.24
1981-INRFU,0.7404314661194106,tenure,InternetService=Fiber optic,Contract=Month-to-month,Enroll in 90-day onboarding check-in program,59.05
7209-JCUDS,0.7399473446971883,tenure,InternetService=Fiber optic,Contract=Month-to-month,Enroll in 90-day onboarding check-in program,70.22
7074-IEVOJ,0.7398732263632617,tenure,InternetService=Fiber optic,Contract=Month-to-month,Enroll in 90-day onboarding check-in program,58.75
8443-ZRDBZ,0.7398474517377825,tenure,InternetService=Fiber optic,Contract=Month-to-month,Enroll in 90-day onboarding check-in program,56.27
9124-LHCJQ,0.7396026277940106,tenure,InternetService=Fiber optic,Contract=Month-to-month,Enroll in 90-day onboarding check-in program,63.2
6328-ZPBGN,0.7392472702625781,tenure,InternetService=Fiber optic,Contract=Month-to-month,Enroll in 90-day onboarding check-in program,70.34
7402-EYFXX,0.7391051799045291,InternetService=Fiber optic,tenure,Contract=Month-to-month,Price/quality review call for fiber plan,69.18
1389-CXMLU,0.7390971087715337,tenure,InternetService=Fiber optic,Contract=Month-to-month,Enroll in 90-day onboarding check-in program,67.29
3462-BJQQA,0.7390565945447861,tenure,InternetService=Fiber optic,Contract=Month-to-month,Enroll in 90-day onboarding check-in program,66.33
4514-GFCFI,0.7390417458242006,tenure,InternetService=Fiber optic,Contract=Month-to-month,Enroll in 90-day onboarding check-in program,62.63
1173-XZPYF,0.738595682021995,tenure,InternetService=Fiber optic,Contract=Month-to-month,Enroll in 90-day onboarding check-in program,65.88
2004-OCQXK,0.7384023423465413,tenure,InternetService=Fiber optic,Contract=Month-to-month,Enroll in 90-day onboarding check-in program,60.51
7130-VTEWQ,0.7382346618701718,tenure,InternetService=Fiber optic,Contract=Month-to-month,Enroll in 90-day onboarding check-in program,55.92
0334-GDDSO,0.7379741691372365,tenure,InternetService=Fiber optic,Contract=Month-to-month,Enroll in 90-day onboarding check-in program,60.03
4529-CKBCL,0.7378904725244589,tenure,InternetService=Fiber optic,Contract=Month-to-month,Enroll in 90-day onboarding check-in program,59.18
1363-TXLSL,0.7376965257536802,tenure,InternetService=Fiber optic,Contract=Month-to-month,Enroll in 90-day onboarding check-in program,51.86
8622-ZLFKO,0.7375226674436955,tenure,InternetService=Fiber optic,Contract=Month-to-month,Enroll in 90-day onboarding check-in program,66.93
5956-YHHRX,0.7373178672255144,tenure,InternetService=Fiber optic,Contract=Month-to-month,Enroll in 90-day onboarding check-in program,76.94
4060-LDNLU,0.7371454682790041,tenure,InternetService=Fiber optic,Contract=Month-to-month,Enroll in 90-day onboarding check-in program,70.91
9919-KNPOO,0.7369669250648885,tenure,InternetService=Fiber optic,Contract=Month-to-month,Enroll in 90-day onboarding check-in program,69.5
2789-HQBOU,0.7366980591602852,tenure,InternetService=Fiber optic,Contract=Month-to-month,Enroll in 90-day onboarding check-in program,59.19
4749-OJKQU,0.7364163416570696,tenure,InternetService=Fiber optic,Contract=Month-to-month,Enroll in 90-day onboarding check-in program,55.71
5597-GLBUC,0.7363858106776293,tenure,InternetService=Fiber optic,Contract=Month-to-month,Enroll in 90-day onboarding check-in program,62.92
2506-TNFCO,0.7363088636804664,tenure,InternetService=Fiber optic,Contract=Month-to-month,Enroll in 90-day onboarding check-in program,51.21
8780-IXSTS,0.7362989615999361,tenure,InternetService=Fiber optic,Contract=Month-to-month,Enroll in 90-day onboarding check-in program,66.34
8062-YBDOE,0.7362073275888018,tenure,InternetService=Fiber optic,Contract=Month-to-month,Enroll in 90-day onboarding check-in program,51.28
7760-OYPDY,0.7360906916424385,tenure,InternetService=Fiber optic,Contract=Month-to-month,Enroll in 90-day onboarding check-in program,59.37
5539-TMZLF,0.7358303016469862,tenure,InternetService=Fiber optic,Contract=Month-to-month,Enroll in 90-day onboarding check-in program,51.32
0365-BZUWY,0.7356188995486921,tenure,InternetService=Fiber optic,Contract=Month-to-month,Enroll in 90-day onboarding check-in program,75.44
1678-FYZOW,0.7355092306340814,tenure,InternetService=Fiber optic,Contract=Month-to-month,Enroll in 90-day onboarding check-in program,58.4
4844-JJWUY,0.7354267633654915,tenure,InternetService=Fiber optic,Contract=Month-to-month,Enroll in 90-day onboarding check-in program,63.25
7120-RFMVS,0.7351952276708432,tenure,InternetService=Fiber optic,Contract=Month-to-month,Enroll in 90-day onboarding check-in program,62.12
9290-SHCMB,0.7350988090488936,tenure,InternetService=Fiber optic,Contract=Month-to-month,Enroll in 90-day onboarding check-in program,71.19
9603-OAIHC,0.7346971533898511,tenure,InternetService=Fiber optic,Contract=Month-to-month,Enroll in 90-day onboarding check-in program,51.47
8348-HFYIV,0.7345675359984316,tenure,MonthlyCharges,Contract=Month-to-month,Enroll in 90-day onboarding check-in program,36.18
2985-FMWYF,0.7341581090270352,tenure,InternetService=Fiber optic,Contract=Month-to-month,Enroll in 90-day onboarding check-in program,68.64
2737-WFVYW,0.7340390047548515,tenure,MonthlyCharges,Contract=Month-to-month,Enroll in 90-day onboarding check-in program,33.22
5382-SOYZL,0.7340352148298838,tenure,InternetService=Fiber optic,Contract=Month-to-month,Enroll in 90-day onboarding check-in program,69.81
2235-DWLJU,0.7337101512879719,tenure,MonthlyCharges,Contract=Month-to-month,Enroll in 90-day onboarding check-in program,32.58
0709-TVGUR,0.7336283701163426,tenure,InternetService=Fiber optic,Contract=Month-to-month,Enroll in 90-day onboarding check-in program,54.69
7206-GZCDC,0.7334890687303472,tenure,InternetService=Fiber optic,Contract=Month-to-month,Enroll in 90-day onboarding check-in program,50.79
4021-RQSNY,0.7332984801831466,InternetService=Fiber optic,Contract=Month-to-month,InternetService=DSL,Price/quality review call for fiber plan,72.23
3295-YVUSR,0.733270397737426,tenure,InternetService=Fiber optic,Contract=Month-to-month,Enroll in 90-day onboarding check-in program,53.24
6015-VVHHE,0.7331461731736904,tenure,InternetService=Fiber optic,Contract=Month-to-month,Enroll in 90-day onboarding check-in program,60.96
0220-EBGCE,0.7330410779705674,tenure,InternetService=Fiber optic,Contract=Month-to-month,Enroll in 90-day onboarding check-in program,62.93
3372-KWFBM,0.7330399994855954,tenure,InternetService=Fiber optic,Contract=Month-to-month,Enroll in 90-day onboarding check-in program,63.48
5348-CAGXB,0.7329677542467753,tenure,InternetService=Fiber optic,Contract=Month-to-month,Enroll in 90-day onboarding check-in program,65.64
2123-AGEEN,0.7329581136817692,tenure,InternetService=Fiber optic,Contract=Month-to-month,Enroll in 90-day onboarding check-in program,61.83
2959-MJHIC,0.7329580642424636,tenure,InternetService=Fiber optic,Contract=Month-to-month,Enroll in 90-day onboarding check-in program,58.89
8375-DKEBR,0.7321593074341262,tenure,InternetService=Fiber optic,Contract=Month-to-month,Enroll in 90-day onboarding check-in program,50.96
2636-ALXXZ,0.7321593074341262,tenure,InternetService=Fiber optic,Contract=Month-to-month,Enroll in 90-day onboarding check-in program,50.96
4871-JTKJF,0.7319689984229918,tenure,InternetService=Fiber optic,Contract=Month-to-month,Enroll in 90-day onboarding check-in program,50.98
8808-ELEHO,0.731872614731639,tenure,InternetService=Fiber optic,Contract=Month-to-month,Enroll in 90-day onboarding check-in program,59.46
9402-ORRAH,0.7317844521711044,tenure,InternetService=Fiber optic,Contract=Month-to-month,Enroll in 90-day onboarding check-in program,66.96
1450-GALXR,0.7317775422075292,tenure,InternetService=Fiber optic,Contract=Month-to-month,Enroll in 90-day onboarding check-in program,72.08
4806-KEXQR,0.7316704771838433,tenure,InternetService=Fiber optic,Contract=Month-to-month,Enroll in 90-day onboarding check-in program,58.46
8185-UPYBR,0.7314357977589672,tenure,InternetService=Fiber optic,Contract=Month-to-month,Enroll in 90-day onboarding check-in program,55.22
4229-CZMLL,0.7312337046005233,tenure,InternetService=Fiber optic,Contract=Month-to-month,Enroll in 90-day onboarding check-in program,54.77
5550-VFRLC,0.731206905863503,tenure,InternetService=Fiber optic,Contract=Month-to-month,Enroll in 90-day onboarding check-in program,51.07
9799-CAYJJ,0.7311404311857176,tenure,InternetService=Fiber optic,Contract=Month-to-month,Enroll in 90-day onboarding check-in program,50.67
7493-TPUWZ,0.7310754327310659,tenure,InternetService=Fiber optic,Contract=Month-to-month,Enroll in 90-day onboarding check-in program,57.86
7858-GTZSP,0.7310704740681715,tenure,InternetService=Fiber optic,Contract=Month-to-month,Enroll in 90-day onboarding check-in program,63.27
8000-REIQB,0.7308253461226228,tenure,InternetService=Fiber optic,Contract=Month-to-month,Enroll in 90-day onboarding check-in program,51.12
5889-LFOLL,0.730770394691118,tenure,InternetService=Fiber optic,Contract=Month-to-month,Enroll in 90-day onboarding check-in program,61.82
6357-JJPQT,0.7307160219669682,tenure,InternetService=Fiber optic,Contract=Month-to-month,Enroll in 90-day onboarding check-in program,58.82
2876-GZYZC,0.7302037701248782,tenure,InternetService=Fiber optic,Contract=Month-to-month,Enroll in 90-day onboarding check-in program,62.76
3473-XIIIT,0.7301886100911787,tenure,InternetService=Fiber optic,Contract=Month-to-month,Enroll in 90-day onboarding check-in program,73.02
9094-AZPHK,0.7301433798014825,tenure,InternetService=Fiber optic,Contract=Month-to-month,Enroll in 90-day onboarding check-in program,73.12
1846-XWOQN,0.7300612010101548,tenure,InternetService=Fiber optic,Contract=Month-to-month,Enroll in 90-day onboarding check-in program,51.21
4210-QFJMF,0.7299704904398057,tenure,InternetService=Fiber optic,Contract=Month-to-month,Enroll in 90-day onboarding check-in program,57.78
2371-JQHZZ,0.7299681466972384,tenure,InternetService=Fiber optic,Contract=Month-to-month,Enroll in 90-day onboarding check-in program,67.89
9605-WGJVW,0.7298699512490832,tenure,InternetService=Fiber optic,Contract=Month-to-month,Enroll in 90-day onboarding check-in program,51.24
5698-BQJOH,0.729805440422003,tenure,InternetService=Fiber optic,Contract=Month-to-month,Enroll in 90-day onboarding check-in program,68.89
8752-STIVR,0.7297173266650389,tenure,InternetService=Fiber optic,Contract=Month-to-month,Enroll in 90-day onboarding check-in program,57.65
0094-OIFMO,0.729574938420217,tenure,InternetService=Fiber optic,Contract=Month-to-month,Enroll in 90-day onboarding check-in program,69.31
4929-XIHVW,0.7295119641699053,tenure,InternetService=Fiber optic,Contract=Month-to-month,Enroll in 90-day onboarding check-in program,69.67
2688-BHGOG,0.7293666174513522,tenure,InternetService=Fiber optic,Contract=Month-to-month,Enroll in 90-day onboarding check-in program,58.02
7969-AULMZ,0.7291545959522027,tenure,InternetService=Fiber optic,Contract=Month-to-month,Enroll in 90-day onboarding check-in program,70.98
3178-FESZO,0.728801922676213,tenure,InternetService=Fiber optic,Contract=Month-to-month,Enroll in 90-day onboarding check-in program,73.06
8644-XLFBW,0.7286014936864916,tenure,InternetService=Fiber optic,Contract=Month-to-month,Enroll in 90-day onboarding check-in program,52.2
7548-SEPYI,0.7285785309484819,tenure,InternetService=Fiber optic,Contract=Month-to-month,Enroll in 90-day onboarding check-in program,70.13
1567-DSCIC,0.7285646365761548,tenure,InternetService=Fiber optic,Contract=Month-to-month,Enroll in 90-day onboarding check-in program,68.49
7508-MYBOG,0.7285542672553996,tenure,InternetService=Fiber optic,Contract=Month-to-month,Enroll in 90-day onboarding check-in program,62.73
8051-HJRLT,0.7285288156055874,tenure,InternetService=Fiber optic,Contract=Month-to-month,Enroll in 90-day onboarding check-in program,51.4
2982-IHMFT,0.7282243571986322,tenure,InternetService=Fiber optic,Contract=Month-to-month,Enroll in 90-day onboarding check-in program,54.22
2612-RRIDN,0.7279986851477256,tenure,InternetService=Fiber optic,Contract=Month-to-month,Enroll in 90-day onboarding check-in program,58.97
9185-TQCVP,0.7279405724949055,tenure,InternetService=Fiber optic,Contract=Month-to-month,Enroll in 90-day onboarding check-in program,61.98
2645-QTLMB,0.7276781059357172,tenure,InternetService=Fiber optic,Contract=Month-to-month,Enroll in 90-day onboarding check-in program,68.58
2880-FPNAE,0.7273233332763929,tenure,InternetService=Fiber optic,Contract=Month-to-month,Enroll in 90-day onboarding check-in program,53.97
3398-FSHON,0.7262329396456582,tenure,InternetService=Fiber optic,Contract=Month-to-month,Enroll in 90-day onboarding check-in program,66.31
9488-HGMJH,0.7262200317058238,tenure,InternetService=Fiber optic,Contract=Month-to-month,Enroll in 90-day onboarding check-in program,51.67
8779-QRDMV,0.7260977232430679,tenure,MonthlyCharges,Contract=Month-to-month,Enroll in 90-day onboarding check-in program,28.79
3878-AVSOQ,0.7258340472257229,tenure,InternetService=Fiber optic,Contract=Month-to-month,Enroll in 90-day onboarding check-in program,51.72
4795-KTRTH,0.7253195633695365,tenure,InternetService=Fiber optic,Contract=Month-to-month,Enroll in 90-day onboarding check-in program,58.75
9360-OMDZZ,0.7251518290159771,tenure,InternetService=Fiber optic,Contract=Month-to-month,Enroll in 90-day onboarding check-in program,68.24
7180-PISOG,0.7250302424999492,tenure,InternetService=Fiber optic,Contract=Month-to-month,Enroll in 90-day onboarding check-in program,54.01
2495-INZWQ,0.7249580338139344,tenure,MonthlyCharges,Contract=Month-to-month,Enroll in 90-day onboarding check-in program,32.3
5276-KQWHG,0.7249235565691657,tenure,InternetService=Fiber optic,Contract=Month-to-month,Enroll in 90-day onboarding check-in program,50.45
7181-BQYBV,0.7248444934389301,tenure,InternetService=Fiber optic,Contract=Month-to-month,Enroll in 90-day onboarding check-in program,74.26
8775-ERLNB,0.7248313651514121,tenure,InternetService=Fiber optic,Contract=Month-to-month,Enroll in 90-day onboarding check-in program,53.85
7235-NXZCP,0.7246374739560035,tenure,InternetService=Fiber optic,Contract=Month-to-month,Enroll in 90-day onboarding check-in program,54.24
6100-QQHEB,0.7244687468057841,tenure,InternetService=Fiber optic,Contract=Month-to-month,Enroll in 90-day onboarding check-in program,67.05
3006-XIMLN,0.7241719679660407,tenure,InternetService=Fiber optic,Contract=Month-to-month,Enroll in 90-day onboarding check-in program,68.22
8225-BTJAU,0.7238743983764158,tenure,InternetService=Fiber optic,Contract=Month-to-month,Enroll in 90-day onboarding check-in program,57.37
0011-IGKFF,0.7229719775728405,tenure,InternetService=Fiber optic,Contract=Month-to-month,Enroll in 90-day onboarding check-in program,70.85
8875-AKBYH,0.7228739839997658,tenure,InternetService=Fiber optic,Contract=Month-to-month,Enroll in 90-day onboarding check-in program,60.97
8510-AWCXC,0.7228734867790857,tenure,InternetService=Fiber optic,Contract=Month-to-month,Enroll in 90-day onboarding check-in program,72.87
7563-BIUPC,0.7228687358673828,tenure,InternetService=Fiber optic,Contract=Month-to-month,Enroll in 90-day onboarding check-in program,58.26
3422-GALYP,0.7228283032136699,tenure,InternetService=Fiber optic,Contract=Month-to-month,Enroll in 90-day onboarding check-in program,57.43
0122-OAHPZ,0.7227942164075586,tenure,InternetService=Fiber optic,Contract=Month-to-month,Enroll in 90-day onboarding check-in program,53.38
5804-LEPIM,0.7223259052400708,tenure,InternetService=Fiber optic,Contract=Month-to-month,Enroll in 90-day onboarding check-in program,50.82
3776-EKTKM,0.7223138344289253,tenure,MonthlyCharges,Contract=Month-to-month,Enroll in 90-day onboarding check-in program,26.33
6210-KBBPI,0.721881342711417,tenure,InternetService=Fiber optic,Contract=Month-to-month,Enroll in 90-day onboarding check-in program,71.79
8372-JUXUI,0.7215509228123013,tenure,InternetService=Fiber optic,Contract=Month-to-month,Enroll in 90-day onboarding check-in program,53.65
1704-NRWYE,0.7213248337597344,tenure,InternetService=Fiber optic,Contract=Month-to-month,Enroll in 90-day onboarding check-in program,58.32
4342-HENTK,0.7212987097589597,tenure,InternetService=Fiber optic,Contract=Month-to-month,Enroll in 90-day onboarding check-in program,50.96
9253-QXKBE,0.7211305475618134,InternetService=Fiber optic,Contract=Month-to-month,InternetService=DSL,Price/quality review call for fiber plan,68.11
6941-PMGEP,0.720914470394166,tenure,InternetService=Fiber optic,Contract=Month-to-month,Enroll in 90-day onboarding check-in program,57.67
5052-PNLOS,0.7204558905538091,tenure,InternetService=Fiber optic,Contract=Month-to-month,Enroll in 90-day onboarding check-in program,75.9
5288-AHOUP,0.7203664764804452,tenure,InternetService=Fiber optic,Contract=Month-to-month,Enroll in 90-day onboarding check-in program,56.55
7218-HKQFK,0.7203089868159746,tenure,InternetService=Fiber optic,Contract=Month-to-month,Enroll in 90-day onboarding check-in program,67.85
5868-YWPDW,0.7202433035162968,tenure,InternetService=Fiber optic,Contract=Month-to-month,Enroll in 90-day onboarding check-in program,60.64
6711-FLDFB,0.7200637462259254,tenure,InternetService=Fiber optic,Contract=Month-to-month,Enroll in 90-day onboarding check-in program,53.93
8541-QVFKM,0.7196062186104664,tenure,InternetService=Fiber optic,Contract=Month-to-month,Enroll in 90-day onboarding check-in program,52.89
0840-DFEZH,0.7193963686795725,tenure,InternetService=Fiber optic,Contract=Month-to-month,Enroll in 90-day onboarding check-in program,54.21
8118-LSUEL,0.7189452487878958,tenure,InternetService=Fiber optic,Contract=Month-to-month,Enroll in 90-day onboarding check-in program,76.5
6892-XPFPU,0.7188768310343625,tenure,InternetService=Fiber optic,Contract=Month-to-month,Enroll in 90-day onboarding check-in program,74.94
5883-GTGVD,0.7186605064785845,tenure,InternetService=Fiber optic,Contract=Month-to-month,Enroll in 90-day onboarding check-in program,71.83
7079-QRCBC,0.7181714784700194,tenure,InternetService=Fiber optic,Contract=Month-to-month,Enroll in 90-day onboarding check-in program,70.92
2516-VQRRV,0.7179988306338008,tenure,InternetService=Fiber optic,Contract=Month-to-month,Enroll in 90-day onboarding check-in program,54.17
3338-CVVEH,0.7177364594894414,tenure,InternetService=Fiber optic,Contract=Month-to-month,Enroll in 90-day onboarding check-in program,67.86
5644-PDMZC,0.7175441955309302,tenure,InternetService=Fiber optic,Contract=Month-to-month,Enroll in 90-day onboarding check-in program,64.22
7044-YAACC,0.717450945041505,tenure,InternetService=Fiber optic,Contract=Month-to-month,Enroll in 90-day onboarding check-in program,50.37
9172-ANCRX,0.717111844860702,tenure,InternetService=Fiber optic,Contract=Month-to-month,Enroll in 90-day onboarding check-in program,70.78
8361-LTMKD,0.7170104565908352,tenure,InternetService=Fiber optic,Contract=Month-to-month,Enroll in 90-day onboarding check-in program,53.35
1195-OIYEJ,0.716827848948003,tenure,InternetService=Fiber optic,Contract=Month-to-month,Enroll in 90-day onboarding check-in program,65.3
2430-USGXP,0.7167907918296669,tenure,InternetService=Fiber optic,Contract=Month-to-month,Enroll in 90-day onboarding check-in program,72.43
6168-WFVVF,0.7167741449385302,tenure,InternetService=Fiber optic,Contract=Month-to-month,Enroll in 90-day onboarding check-in program,50.39
8168-UQWWF,0.7167100309177975,tenure,InternetService=Fiber optic,Contract=Month-to-month,Enroll in 90-day onboarding check-in program,70.13
5995-SNNEW,0.7165792393115983,tenure,InternetService=Fiber optic,Contract=Month-to-month,Enroll in 90-day onboarding check-in program,74.85
4395-PZMSN,0.715858941028558,tenure,InternetService=Fiber optic,Contract=Month-to-month,Enroll in 90-day onboarding check-in program,61.24
3030-YDNRM,0.7157849358284508,tenure,InternetService=Fiber optic,Contract=Month-to-month,Enroll in 90-day onboarding check-in program,53.58
4597-NUCQV,0.7151597540892912,tenure,InternetService=Fiber optic,Contract=Month-to-month,Enroll in 90-day onboarding check-in program,72.41
1960-UYCNN,0.7149743760596068,tenure,InternetService=Fiber optic,Contract=Month-to-month,Enroll in 90-day onboarding check-in program,68.1
6127-ISGTU,0.714914264623916,tenure,InternetService=Fiber optic,Contract=Month-to-month,Enroll in 90-day onboarding check-in program,60.73
2055-PDADH,0.7149004388286998,tenure,InternetService=Fiber optic,Contract=Month-to-month,Enroll in 90-day onboarding check-in program,50.33
1628-BIZYP,0.7148077288461411,tenure,InternetService=Fiber optic,Contract=Month-to-month,Enroll in 90-day onboarding check-in program,60.76
7314-OXENN,0.7145827566253893,tenure,InternetService=Fiber optic,Contract=Month-to-month,Enroll in 90-day onboarding check-in program,58.6
1200-TUZHR,0.7143692146983441,tenure,InternetService=Fiber optic,Contract=Month-to-month,Enroll in 90-day onboarding check-in program,60.86
0684-AOSIH,0.7139939260061604,tenure,InternetService=Fiber optic,Contract=Month-to-month,Enroll in 90-day onboarding check-in program,67.83
8242-SOQUO,0.7138826525317961,tenure,InternetService=Fiber optic,Contract=Month-to-month,Enroll in 90-day onboarding check-in program,60.47
7294-TMAOP,0.7138820783507942,tenure,InternetService=Fiber optic,Contract=Month-to-month,Enroll in 90-day onboarding check-in program,64.64
5797-APWZC,0.7136838612847236,tenure,InternetService=Fiber optic,Contract=Month-to-month,Enroll in 90-day onboarding check-in program,64.66
2454-RPBRZ,0.7135483110377706,tenure,InternetService=Fiber optic,Contract=Month-to-month,Enroll in 90-day onboarding check-in program,70.0
1447-GIQMR,0.7133572055501207,tenure,InternetService=Fiber optic,Contract=Month-to-month,Enroll in 90-day onboarding check-in program,49.33
6734-GMPVK,0.7131900839933214,tenure,InternetService=Fiber optic,Contract=Month-to-month,Enroll in 90-day onboarding check-in program,75.1
1393-IMKZG,0.7121625508338444,tenure,InternetService=Fiber optic,Contract=Month-to-month,Enroll in 90-day onboarding check-in program,68.26
0644-OQMDK,0.7121595638214705,tenure,InternetService=Fiber optic,Contract=Month-to-month,Enroll in 90-day onboarding check-in program,50.31
2180-DXNEG,0.71158975183831,tenure,InternetService=Fiber optic,Contract=Month-to-month,Enroll in 90-day onboarding check-in program,68.31
1569-TTNYJ,0.7113242952647574,tenure,InternetService=Fiber optic,Contract=Month-to-month,Enroll in 90-day onboarding check-in program,56.02
6087-MVHJH,0.7109459508427831,tenure,InternetService=Fiber optic,Contract=Month-to-month,Enroll in 90-day onboarding check-in program,62.88
9223-UCPVT,0.7105425793423557,tenure,InternetService=Fiber optic,Contract=Month-to-month,Enroll in 90-day onboarding check-in program,67.08
7903-CMPEY,0.7103361273239877,tenure,InternetService=Fiber optic,Contract=Month-to-month,Enroll in 90-day onboarding check-in program,57.04
3199-XGZCY,0.709937334959371,tenure,InternetService=Fiber optic,Contract=Month-to-month,Enroll in 90-day onboarding check-in program,53.42
9391-EOYLI,0.70991495742729,tenure,InternetService=Fiber optic,Contract=Month-to-month,Enroll in 90-day onboarding check-in program,57.11
4806-HIPDW,0.7096971462517229,tenure,InternetService=Fiber optic,Contract=Month-to-month,Enroll in 90-day onboarding check-in program,48.93
6437-UKHMV,0.7093935558385978,tenure,InternetService=Fiber optic,Contract=Month-to-month,Enroll in 90-day onboarding check-in program,56.54
3716-BDVDB,0.7093894243796347,tenure,InternetService=Fiber optic,Contract=Month-to-month,Enroll in 90-day onboarding check-in program,49.02
7638-QVMVY,0.7091668439104722,tenure,InternetService=Fiber optic,Contract=Month-to-month,Enroll in 90-day onboarding check-in program,56.02
2799-ARNLO,0.7089019087088074,tenure,InternetService=Fiber optic,Contract=Month-to-month,Enroll in 90-day onboarding check-in program,49.16
3045-XETSH,0.7088461754799741,tenure,InternetService=Fiber optic,Contract=Month-to-month,Enroll in 90-day onboarding check-in program,67.23
6986-IXNDM,0.7088306490899967,tenure,InternetService=Fiber optic,Contract=Month-to-month,Enroll in 90-day onboarding check-in program,65.85
6857-VWJDT,0.7087847295989286,tenure,InternetService=Fiber optic,Contract=Month-to-month,Enroll in 90-day onboarding check-in program,67.8
7354-OIJLX,0.7086078476345881,tenure,InternetService=Fiber optic,Contract=Month-to-month,Enroll in 90-day onboarding check-in program,53.75
4735-ASGMA,0.708479934394386,InternetService=Fiber optic,tenure,Contract=Month-to-month,Price/quality review call for fiber plan,69.68
3428-XZMAZ,0.7083883045670986,tenure,InternetService=Fiber optic,Contract=Month-to-month,Enroll in 90-day onboarding check-in program,49.13
6457-GIRWB,0.7083883045670986,tenure,InternetService=Fiber optic,Contract=Month-to-month,Enroll in 90-day onboarding check-in program,49.13
2026-TGDHM,0.7081484221340296,tenure,InternetService=Fiber optic,Contract=Month-to-month,Enroll in 90-day onboarding check-in program,56.16
3247-ZVOUO,0.7080976895579922,tenure,InternetService=Fiber optic,Contract=Month-to-month,Enroll in 90-day onboarding check-in program,60.58
3834-XUIFC,0.7078711914387402,tenure,InternetService=Fiber optic,Contract=Month-to-month,Enroll in 90-day onboarding check-in program,60.31
7392-YYPYJ,0.7077424602780472,tenure,InternetService=Fiber optic,Contract=Month-to-month,Enroll in 90-day onboarding check-in program,71.23
4282-YMKNA,0.7077076177053863,tenure,InternetService=Fiber optic,Contract=Month-to-month,Enroll in 90-day onboarding check-in program,52.9
0880-TKATG,0.707671899722949,tenure,InternetService=Fiber optic,Contract=Month-to-month,Enroll in 90-day onboarding check-in program,71.58
1820-TQVEV,0.7075859495984497,tenure,InternetService=Fiber optic,Contract=Month-to-month,Enroll in 90-day onboarding check-in program,49.21
5445-UTODQ,0.7074492520855419,tenure,InternetService=Fiber optic,Contract=Month-to-month,Enroll in 90-day onboarding check-in program,57.37
6502-MJQAE,0.707385158578343,tenure,InternetService=Fiber optic,Contract=Month-to-month,Enroll in 90-day onboarding check-in program,49.23
7254-IQWOZ,0.70718428673826,tenure,InternetService=Fiber optic,Contract=Month-to-month,Enroll in 90-day onboarding check-in program,49.26
5561-NWEVX,0.7070337370795537,tenure,InternetService=Fiber optic,Contract=Month-to-month,Enroll in 90-day onboarding check-in program,56.0
5168-MSWXT,0.7069923336098104,tenure,InternetService=Fiber optic,Contract=Month-to-month,Enroll in 90-day onboarding check-in program,66.99
8107-KNCIM,0.7068728713183079,tenure,InternetService=Fiber optic,Contract=Month-to-month,Enroll in 90-day onboarding check-in program,53.09
3750-CKVKH,0.7066013106087592,tenure,InternetService=Fiber optic,Contract=Month-to-month,Enroll in 90-day onboarding check-in program,47.87
4510-HIMLV,0.7065811867566995,tenure,InternetService=Fiber optic,Contract=Month-to-month,Enroll in 90-day onboarding check-in program,49.32
4603-JANFB,0.7063799920958224,tenure,InternetService=Fiber optic,Contract=Month-to-month,Enroll in 90-day onboarding check-in program,49.34
5349-IECLD,0.7062908471865106,tenure,InternetService=Fiber optic,Contract=Month-to-month,Enroll in 90-day onboarding check-in program,67.06
9885-CSMWE,0.7062804738567297,tenure,InternetService=Fiber optic,Contract=Month-to-month,Enroll in 90-day onboarding check-in program,55.41
5542-TBBWB,0.7061787168450895,tenure,InternetService=Fiber optic,Contract=Month-to-month,Enroll in 90-day onboarding check-in program,49.36
5875-YPQFJ,0.7061787168450895,tenure,InternetService=Fiber optic,Contract=Month-to-month,Enroll in 90-day onboarding check-in program,49.36
9804-ICWBG,0.7061787168450895,tenure,InternetService=Fiber optic,Contract=Month-to-month,Enroll in 90-day onboarding check-in program,49.36
2018-QKYGT,0.7057296157839008,tenure,InternetService=Fiber optic,Contract=Month-to-month,Enroll in 90-day onboarding check-in program,57.2
7938-OUHIO,0.705624858256122,tenure,InternetService=Fiber optic,Contract=Month-to-month,Enroll in 90-day onboarding check-in program,69.65
2929-ERCFZ,0.7055953879954552,tenure,InternetService=Fiber optic,Contract=Month-to-month,Enroll in 90-day onboarding check-in program,66.47
3494-JCHRQ,0.7055744080179487,tenure,InternetService=Fiber optic,Contract=Month-to-month,Enroll in 90-day onboarding check-in program,49.43
2272-QAGFO,0.7054641092962826,tenure,InternetService=Fiber optic,Contract=Month-to-month,Enroll in 90-day onboarding check-in program,52.42
3292-PBZEJ,0.7051301695600843,tenure,InternetService=Fiber optic,Contract=Month-to-month,Enroll in 90-day onboarding check-in program,78.55
5928-QLDHB,0.705039264356496,tenure,InternetService=Fiber optic,Contract=Month-to-month,Enroll in 90-day onboarding check-in program,53.76
5357-TZHPP,0.7050296358029897,tenure,InternetService=Fiber optic,Contract=Month-to-month,Enroll in 90-day onboarding check-in program,59.5
2446-PLQVO,0.7045656191916848,tenure,InternetService=Fiber optic,Contract=Month-to-month,Enroll in 90-day onboarding check-in program,49.53
9728-FTTVZ,0.7044891151136949,tenure,InternetService=Fiber optic,Contract=Month-to-month,Enroll in 90-day onboarding check-in program,48.75
7660-HDPJV,0.7044891151136949,tenure,InternetService=Fiber optic,Contract=Month-to-month,Enroll in 90-day onboarding check-in program,48.75
4853-OITSN,0.7044364955502717,tenure,InternetService=Fiber optic,Contract=Month-to-month,Enroll in 90-day onboarding check-in program,62.8
9685-WKZGT,0.7044129333672802,tenure,InternetService=Fiber optic,Contract=Month-to-month,Enroll in 90-day onboarding check-in program,52.8
7465-ZZRVX,0.7043636207321369,tenure,InternetService=Fiber optic,Contract=Month-to-month,Enroll in 90-day onboarding check-in program,49.55
9239-ZBZZV,0.7042285042164418,tenure,MonthlyCharges,Contract=Month-to-month,Enroll in 90-day onboarding check-in program,33.77
3707-GNWHM,0.7040430704709202,tenure,InternetService=Fiber optic,Contract=Month-to-month,Enroll in 90-day onboarding check-in program,52.28
5429-LWCMV,0.7037953103217164,tenure,InternetService=Fiber optic,Contract=Month-to-month,Enroll in 90-day onboarding check-in program,62.74
7273-TEFQD,0.7036734056916522,tenure,MonthlyCharges,Contract=Month-to-month,Enroll in 90-day onboarding check-in program,28.96
5919-TMRGD,0.7036627631216884,tenure,InternetService=Fiber optic,Contract=Month-to-month,Enroll in 90-day onboarding check-in program,55.84
8290-YWKHZ,0.7036224067001885,InternetService=Fiber optic,Contract=Month-to-month,InternetService=DSL,Price/quality review call for fiber plan,65.58
4298-OYIFC,0.7035434718799028,tenure,InternetService=Fiber optic,Contract=Month-to-month,Enroll in 90-day onboarding check-in program,72.78
0488-GSLFR,0.7032757416368622,tenure,InternetService=Fiber optic,Contract=Month-to-month,Enroll in 90-day onboarding check-in program,48.88
6356-ELRKD,0.7029135020637599,tenure,InternetService=Fiber optic,Contract=Month-to-month,Enroll in 90-day onboarding check-in program,67.2
7665-TOALD,0.702870644385959,tenure,InternetService=Fiber optic,Contract=Month-to-month,Enroll in 90-day onboarding check-in program,48.92
7594-RQHXR,0.7028407458123691,tenure,InternetService=Fiber optic,Contract=Month-to-month,Enroll in 90-day onboarding check-in program,55.95
3254-YRILK,0.7026978677382156,tenure,InternetService=Fiber optic,Contract=Month-to-month,Enroll in 90-day onboarding check-in program,61.98
1977-STDKI,0.7022990984244845,tenure,InternetService=Fiber optic,Contract=Month-to-month,Enroll in 90-day onboarding check-in program,51.27
9274-CNFMO,0.7021122208238507,tenure,InternetService=Fiber optic,Contract=Month-to-month,Enroll in 90-day onboarding check-in program,52.62
8065-YKXKD,0.7016112291356889,tenure,InternetService=Fiber optic,Contract=Month-to-month,Enroll in 90-day onboarding check-in program,52.45
2657-VPXTA,0.7014409842317124,tenure,InternetService=Fiber optic,Contract=Month-to-month,Enroll in 90-day onboarding check-in program,62.32
6583-KQJLK,0.701331430677027,tenure,InternetService=Fiber optic,Contract=Month-to-month,Enroll in 90-day onboarding check-in program,66.38
3091-FYHKI,0.7012793651259993,tenure,MonthlyCharges,Contract=Month-to-month,Enroll in 90-day onboarding check-in program,24.86
7363-QTBIW,0.7012714758182359,tenure,InternetService=Fiber optic,Contract=Month-to-month,Enroll in 90-day onboarding check-in program,55.93
4143-OOBWZ,0.7011396112314684,tenure,InternetService=Fiber optic,Contract=Month-to-month,Enroll in 90-day onboarding check-in program,57.0
0841-NULXI,0.7008727016146983,tenure,MonthlyCharges,Contract=Month-to-month,Enroll in 90-day onboarding check-in program,24.92
0328-GRPMV,0.7008403798192441,tenure,InternetService=Fiber optic,Contract=Month-to-month,Enroll in 90-day onboarding check-in program,49.13
4702-IOQDC,0.7008403798192441,tenure,InternetService=Fiber optic,Contract=Month-to-month,Enroll in 90-day onboarding check-in program,49.13
7145-FEJWU,0.7007719422665166,tenure,InternetService=Fiber optic,Contract=Month-to-month,Enroll in 90-day onboarding check-in program,73.79
5244-IRFIH,0.7007079018064065,InternetService=Fiber optic,Contract=Month-to-month,InternetService=DSL,Price/quality review call for fiber plan,66.22
7029-RPUAV,0.7006005573469478,tenure,InternetService=Fiber optic,Contract=Month-to-month,Enroll in 90-day onboarding check-in program,70.38
6326-MTTXK,0.7004892331338446,tenure,InternetService=Fiber optic,Contract=Month-to-month,Enroll in 90-day onboarding check-in program,70.64
1640-PLFMP,0.7002297522620665,tenure,InternetService=Fiber optic,Contract=Month-to-month,Enroll in 90-day onboarding check-in program,49.19
3244-DCJWY,0.7002297522620665,tenure,InternetService=Fiber optic,Contract=Month-to-month,Enroll in 90-day onboarding check-in program,49.19
1024-VRZHF,0.7001480078815503,tenure,InternetService=Fiber optic,Contract=Month-to-month,Enroll in 90-day onboarding check-in program,52.48
6653-CBBOM,0.7000260514148737,tenure,InternetService=Fiber optic,Contract=Month-to-month,Enroll in 90-day onboarding check-in program,49.21
2897-DOVND,0.6996708595844744,tenure,InternetService=Fiber optic,Contract=Month-to-month,Enroll in 90-day onboarding check-in program,48.84
2612-RANWT,0.699663986211597,tenure,InternetService=Fiber optic,Contract=Month-to-month,Enroll in 90-day onboarding check-in program,70.07
0375-HVGXO,0.699585766149974,tenure,MonthlyCharges,Contract=Month-to-month,Enroll in 90-day onboarding check-in program,24.28
4285-GYRQC,0.6990452407251481,tenure,InternetService=Fiber optic,Contract=Month-to-month,Enroll in 90-day onboarding check-in program,60.29
5376-DEQCP,0.6988021873781126,tenure,InternetService=Fiber optic,Contract=Month-to-month,Enroll in 90-day onboarding check-in program,49.34
1184-PJVDB,0.6984174988464592,tenure,InternetService=Fiber optic,Contract=Month-to-month,Enroll in 90-day onboarding check-in program,55.84
1031-IIDEO,0.6977801337753545,tenure,InternetService=Fiber optic,Contract=Month-to-month,Enroll in 90-day onboarding check-in program,49.44
2636-OHFMN,0.697590055404934,tenure,MonthlyCharges,Contract=Month-to-month,Enroll in 90-day onboarding check-in program,33.87
9717-QEBGU,0.6974717627725416,tenure,InternetService=Fiber optic,Contract=Month-to-month,Enroll in 90-day onboarding check-in program,49.03
9330-IJWIO,0.6973982936329328,tenure,InternetService=Fiber optic,Contract=Month-to-month,Enroll in 90-day onboarding check-in program,69.98
7831-QGOXH,0.6970142505801874,tenure,InternetService=Fiber optic,Contract=Month-to-month,Enroll in 90-day onboarding check-in program,59.39
1219-NNDDO,0.6969682876198533,tenure,InternetService=Fiber optic,Contract=Month-to-month,Enroll in 90-day onboarding check-in program,53.56
3276-HDUEG,0.6962257107808327,tenure,InternetService=Fiber optic,Contract=Month-to-month,Enroll in 90-day onboarding check-in program,52.25
8699-ASUFO,0.6959711497879429,tenure,InternetService=Fiber optic,Contract=Month-to-month,Enroll in 90-day onboarding check-in program,51.78
7321-VGNKU,0.6957835987620621,tenure,InternetService=Fiber optic,Contract=Month-to-month,Enroll in 90-day onboarding check-in program,48.95
0872-NXJYS,0.6955591807112451,tenure,InternetService=Fiber optic,Contract=Month-to-month,Enroll in 90-day onboarding check-in program,55.33
6507-ZJSUR,0.6954052171746362,tenure,InternetService=Fiber optic,Contract=Month-to-month,Enroll in 90-day onboarding check-in program,62.9
8835-VSDSE,0.6953843202146944,tenure,InternetService=Fiber optic,Contract=Month-to-month,Enroll in 90-day onboarding check-in program,49.16
5378-IKEEG,0.6952862976305725,tenure,MonthlyCharges,Contract=Month-to-month,Enroll in 90-day onboarding check-in program,24.86
3957-LXOLK,0.6950645466125391,InternetService=Fiber optic,Contract=Month-to-month,tenure,Price/quality review call for fiber plan,73.78
4482-EWFMI,0.6949338493563112,tenure,InternetService=Fiber optic,Contract=Month-to-month,Enroll in 90-day onboarding check-in program,48.44
6702-OHFWR,0.6948147623455186,tenure,MonthlyCharges,Contract=Month-to-month,Enroll in 90-day onboarding check-in program,30.09
6000-APYLU,0.6944439956051034,tenure,InternetService=Fiber optic,Contract=Month-to-month,Enroll in 90-day onboarding check-in program,56.11
7379-POKDZ,0.6941626535942043,tenure,InternetService=Fiber optic,Contract=Month-to-month,Enroll in 90-day onboarding check-in program,48.8
2761-OCIAX,0.6936305043788212,tenure,InternetService=Fiber optic,Contract=Month-to-month,Enroll in 90-day onboarding check-in program,51.81
6996-KNSML,0.6935088720693835,tenure,InternetService=Fiber optic,Contract=Month-to-month,Enroll in 90-day onboarding check-in program,51.94
6215-NQCPY,0.6933779312366479,tenure,InternetService=Fiber optic,Contract=Month-to-month,Enroll in 90-day onboarding check-in program,69.13
2485-ITVKB,0.6932803815058985,tenure,MonthlyCharges,Contract=Month-to-month,Enroll in 90-day onboarding check-in program,24.33
2952-QAYZF,0.6929904541235881,tenure,InternetService=Fiber optic,Contract=Month-to-month,Enroll in 90-day onboarding check-in program,59.11
0871-URUWO,0.692742580611791,tenure,InternetService=Fiber optic,Contract=Month-to-month,Enroll in 90-day onboarding check-in program,70.83
1980-KXVPM,0.6925427064173683,tenure,InternetService=Fiber optic,Contract=Month-to-month,Enroll in 90-day onboarding check-in program,51.98
4445-ZJNMU,0.6925367075446195,tenure,InternetService=Fiber optic,Contract=Month-to-month,Enroll in 90-day onboarding check-in program,68.77
8625-AZYZY,0.6925318323678364,tenure,InternetService=Fiber optic,Contract=Month-to-month,Enroll in 90-day onboarding check-in program,72.47
7394-LWLYN,0.6924860259955186,tenure,InternetService=Fiber optic,Contract=Month-to-month,Enroll in 90-day onboarding check-in program,48.58
0679-IDSTG,0.692167522111995,tenure,InternetService=Fiber optic,Contract=Month-to-month,Enroll in 90-day onboarding check-in program,47.93
6198-RTPMF,0.6920593128893773,tenure,InternetService=Fiber optic,Contract=Month-to-month,Enroll in 90-day onboarding check-in program,64.08
9317-WZPGV,0.6917943334065778,tenure,InternetService=Fiber optic,Contract=Month-to-month,Enroll in 90-day onboarding check-in program,55.17
9237-HQITU,0.6915804859299062,tenure,InternetService=Fiber optic,Contract=Month-to-month,Enroll in 90-day onboarding check-in program,48.89
2840-XANRC,0.6913605785240727,tenure,InternetService=Fiber optic,Contract=Month-to-month,Enroll in 90-day onboarding check-in program,64.4
3746-EUBYR,0.6912625689098301,tenure,InternetService=Fiber optic,Contract=Month-to-month,Enroll in 90-day onboarding check-in program,51.57
9897-KXHCM,0.6910725493154792,tenure,InternetService=Fiber optic,Contract=Month-to-month,Enroll in 90-day onboarding check-in program,55.49
8800-JOOCF,0.6904482286999729,tenure,InternetService=Fiber optic,Contract=Month-to-month,Enroll in 90-day onboarding check-in program,58.03
0306-JAELE,0.6904211620361282,tenure,InternetService=Fiber optic,Contract=Month-to-month,Enroll in 90-day onboarding check-in program,66.35
0822-GAVAP,0.6903020620764391,tenure,MonthlyCharges,Contract=Month-to-month,Enroll in 90-day onboarding check-in program,23.95
6618-RYATB,0.6900777336493829,tenure,InternetService=Fiber optic,Contract=Month-to-month,Enroll in 90-day onboarding check-in program,54.9
4132-KALRO,0.6899045305231309,tenure,InternetService=Fiber optic,Contract=Month-to-month,Enroll in 90-day onboarding check-in program,69.58
3721-CNEYS,0.689842902689339,tenure,InternetService=Fiber optic,Contract=Month-to-month,Enroll in 90-day onboarding check-in program,48.94
4813-HQMGZ,0.6897495331630508,tenure,InternetService=Fiber optic,Contract=Month-to-month,Enroll in 90-day onboarding check-in program,62.25
0345-HKJVM,0.6894442443546334,tenure,InternetService=Fiber optic,Contract=Month-to-month,Enroll in 90-day onboarding check-in program,61.57
3318-OSATS,0.6891285604565947,InternetService=Fiber optic,TotalCharges,Contract=Month-to-month,Price/quality review call for fiber plan,65.78
3217-FZDMN,0.689054475222211,tenure,InternetService=Fiber optic,Contract=Month-to-month,Enroll in 90-day onboarding check-in program,65.08
6856-RAURS,0.6890109205251352,tenure,InternetService=Fiber optic,Contract=Month-to-month,Enroll in 90-day onboarding check-in program,51.61
3329-WDIOK,0.6886950014628122,tenure,MonthlyCharges,Contract=Month-to-month,Enroll in 90-day onboarding check-in program,34.85
6331-EWIEB,0.6886827617530027,tenure,InternetService=Fiber optic,Contract=Month-to-month,Enroll in 90-day onboarding check-in program,58.71
3191-CSNMG,0.6886629479383976,tenure,InternetService=Fiber optic,Contract=Month-to-month,Enroll in 90-day onboarding check-in program,55.58
7384-GHBPI,0.6883328175362609,tenure,MonthlyCharges,Contract=Month-to-month,Enroll in 90-day onboarding check-in program,24.19
5366-IJEQJ,0.6880388647195654,tenure,InternetService=Fiber optic,Contract=Month-to-month,Enroll in 90-day onboarding check-in program,61.03
4631-OACRM,0.6878698596302625,tenure,InternetService=Fiber optic,Contract=Month-to-month,Enroll in 90-day onboarding check-in program,54.62
4884-ZTHVF,0.6876527741534438,tenure,InternetService=Fiber optic,Contract=Month-to-month,Enroll in 90-day onboarding check-in program,59.89
7932-WPTDS,0.6871688213837441,tenure,MonthlyCharges,Contract=Month-to-month,Enroll in 90-day onboarding check-in program,17.04
7005-CCBKV,0.686885424123275,tenure,InternetService=Fiber optic,Contract=Month-to-month,Enroll in 90-day onboarding check-in program,57.97
1016-DJTSV,0.686852836823893,tenure,InternetService=Fiber optic,Contract=Month-to-month,Enroll in 90-day onboarding check-in program,47.87
2845-HSJCY,0.6868281328899785,tenure,InternetService=Fiber optic,Contract=Month-to-month,Enroll in 90-day onboarding check-in program,59.93
7994-UYIVZ,0.6866757331853626,tenure,InternetService=Fiber optic,Contract=Month-to-month,Enroll in 90-day onboarding check-in program,58.81
7245-NIIWQ,0.6866201537084684,tenure,InternetService=Fiber optic,Contract=Month-to-month,Enroll in 90-day onboarding check-in program,47.96
9633-XQABV,0.6864410405942819,tenure,InternetService=Fiber optic,Contract=Month-to-month,Enroll in 90-day onboarding check-in program,48.22
3999-QGRJH,0.6862451950618483,tenure,InternetService=Fiber optic,Contract=Month-to-month,Enroll in 90-day onboarding check-in program,47.83
0023-HGHWL,0.6862213551952985,tenure,MonthlyCharges,Contract=Month-to-month,Enroll in 90-day onboarding check-in program,17.22
3629-ZNKXA,0.6858211055488056,tenure,InternetService=Fiber optic,Contract=Month-to-month,Enroll in 90-day onboarding check-in program,69.82
4706-AXVKM,0.685775554034417,tenure,InternetService=Fiber optic,Contract=Month-to-month,Enroll in 90-day onboarding check-in program,58.15
7625-XCQRH,0.6853427269117627,tenure,InternetService=Fiber optic,Contract=Month-to-month,Enroll in 90-day onboarding check-in program,52.43
5167-ZFFMM,0.6850887332287124,tenure,InternetService=Fiber optic,Contract=Month-to-month,Enroll in 90-day onboarding check-in program,62.24
6077-BDPXA,0.6850641947055549,tenure,InternetService=Fiber optic,Contract=Month-to-month,Enroll in 90-day onboarding check-in program,48.06
4123-DVHPH,0.6849622486743222,tenure,InternetService=Fiber optic,Contract=Month-to-month,Enroll in 90-day onboarding check-in program,60.31
4633-MKHYU,0.6842291614002662,tenure,InternetService=Fiber optic,Contract=Month-to-month,Enroll in 90-day onboarding check-in program,60.49
0168-XZKBB,0.6840162152962126,tenure,InternetService=Fiber optic,Contract=Month-to-month,Enroll in 90-day onboarding check-in program,59.41
3990-QYKBE,0.6838995232991124,InternetService=Fiber optic,TotalCharges,Contract=Month-to-month,Price/quality review call for fiber plan,63.26
2754-SDJRD,0.6837134457993697,tenure,InternetService=Fiber optic,Contract=Month-to-month,Enroll in 90-day onboarding check-in program,68.47
5275-SQEIZ,0.6837017688060264,tenure,InternetService=Fiber optic,Contract=Month-to-month,Enroll in 90-day onboarding check-in program,55.28
8313-NDOIA,0.683206552803297,tenure,InternetService=Fiber optic,Contract=Month-to-month,Enroll in 90-day onboarding check-in program,71.16
2379-ENZGV,0.6831137185544965,tenure,InternetService=Fiber optic,Contract=Month-to-month,Enroll in 90-day onboarding check-in program,57.96
5159-YFPKQ,0.68306876977661,tenure,InternetService=Fiber optic,Contract=Month-to-month,Enroll in 90-day onboarding check-in program,51.78
7568-PODML,0.6830383483466531,tenure,MonthlyCharges,Contract=Month-to-month,Enroll in 90-day onboarding check-in program,30.94
9279-CJEOJ,0.6828759501856025,tenure,InternetService=Fiber optic,Contract=Month-to-month,Enroll in 90-day onboarding check-in program,65.15
5628-FCGYG,0.6828654552386798,tenure,InternetService=Fiber optic,Contract=Month-to-month,Enroll in 90-day onboarding check-in program,57.43
1226-IENZN,0.6827373977067027,tenure,InternetService=Fiber optic,Contract=Month-to-month,Enroll in 90-day onboarding check-in program,53.77
7479-NITWS,0.6825995394404123,tenure,InternetService=Fiber optic,Contract=Month-to-month,Enroll in 90-day onboarding check-in program,60.99
7028-DVOIQ,0.6825135103922535,InternetService=Fiber optic,Contract=Month-to-month,TotalCharges,Price/quality review call for fiber plan,67.6
0495-ZBNGW,0.6821292265623418,tenure,InternetService=Fiber optic,Contract=Month-to-month,Enroll in 90-day onboarding check-in program,54.5
9314-IJWSQ,0.6816253969322523,tenure,InternetService=Fiber optic,Contract=Month-to-month,Enroll in 90-day onboarding check-in program,57.8
6851-WEFYX,0.68158907006623,InternetService=Fiber optic,TotalCharges,Contract=Month-to-month,Price/quality review call for fiber plan,68.7
1768-ZAIFU,0.6811059990447702,tenure,MonthlyCharges,Contract=Month-to-month,Enroll in 90-day onboarding check-in program,17.16
2568-BRGYX,0.6806976830440606,tenure,InternetService=Fiber optic,Contract=Month-to-month,Enroll in 90-day onboarding check-in program,47.78
7409-KIUTL,0.6804887159357407,tenure,InternetService=Fiber optic,Contract=Month-to-month,Enroll in 90-day onboarding check-in program,48.31
0018-NYROU,0.68040680465788,tenure,InternetService=Fiber optic,Contract=Month-to-month,Enroll in 90-day onboarding check-in program,46.91
1251-STYSZ,0.6802650966633175,tenure,InternetService=Fiber optic,Contract=Month-to-month,Enroll in 90-day onboarding check-in program,54.59
2107-FBPTK,0.6801367312742276,InternetService=Fiber optic,Contract=Month-to-month,InternetService=DSL,Price/quality review call for fiber plan,70.8
7511-YMXVQ,0.6800674977483494,tenure,MonthlyCharges,Contract=Month-to-month,Enroll in 90-day onboarding check-in program,30.88
0004-TLHLJ,0.6797931543649596,tenure,InternetService=Fiber optic,Contract=Month-to-month,Enroll in 90-day onboarding check-in program,50.24
7240-ETPTR,0.6793511478130335,tenure,MonthlyCharges,Contract=Month-to-month,Enroll in 90-day onboarding check-in program,33.12
3138-BKYAV,0.6792410761476914,tenure,InternetService=Fiber optic,Contract=Month-to-month,Enroll in 90-day onboarding check-in program,57.97
6960-HVYXR,0.6789516635973157,tenure,InternetService=Fiber optic,Contract=Month-to-month,Enroll in 90-day onboarding check-in program,51.6
3874-EQOEP,0.6788664580107103,tenure,InternetService=Fiber optic,Contract=Month-to-month,Enroll in 90-day onboarding check-in program,64.49
9992-RRAMN,0.6788512572210865,tenure,InternetService=Fiber optic,Contract=Month-to-month,Enroll in 90-day onboarding check-in program,57.77
1731-TVIUK,0.6788388021004192,tenure,InternetService=Fiber optic,Contract=Month-to-month,Enroll in 90-day onboarding check-in program,63.47
6060-DRTNL,0.6784518019221841,tenure,InternetService=Fiber optic,Contract=Month-to-month,Enroll in 90-day onboarding check-in program,57.57
6372-RFVNS,0.6783698098261959,tenure,InternetService=Fiber optic,Contract=Month-to-month,Enroll in 90-day onboarding check-in program,53.46
6221-AVQYL,0.6783561384262233,tenure,InternetService=Fiber optic,Contract=Month-to-month,Enroll in 90-day onboarding check-in program,49.69
6543-XRMYR,0.6783552928390392,InternetService=Fiber optic,Contract=Month-to-month,InternetService=DSL,Price/quality review call for fiber plan,67.63
6877-TJMBR,0.678310015750122,tenure,InternetService=Fiber optic,Contract=Month-to-month,Enroll in 90-day onboarding check-in program,57.52
5419-CONWX,0.6777412583631465,tenure,InternetService=Fiber optic,Contract=Month-to-month,Enroll in 90-day onboarding check-in program,67.64
9408-SSNVZ,0.6777393971043725,tenure,InternetService=Fiber optic,Contract=Month-to-month,Enroll in 90-day onboarding check-in program,47.54
2754-VDLTR,0.6777037970998339,tenure,InternetService=Fiber optic,Contract=Month-to-month,Enroll in 90-day onboarding check-in program,64.52
4958-XCBDQ,0.6776167105420965,InternetService=Fiber optic,TotalCharges,Contract=Month-to-month,Price/quality review call for fiber plan,68.71
1254-IZEYF,0.6773732234357532,InternetService=Fiber optic,Contract=Month-to-month,InternetService=DSL,Price/quality review call for fiber plan,67.7
2777-PHDEI,0.6771158016944636,tenure,InternetService=Fiber optic,Contract=Month-to-month,Enroll in 90-day onboarding check-in program,52.85
8943-URTMR,0.676448222541458,tenure,InternetService=Fiber optic,Contract=Month-to-month,Enroll in 90-day onboarding check-in program,53.88
3106-ULWFW,0.6761410517797143,tenure,InternetService=Fiber optic,Contract=Month-to-month,Enroll in 90-day onboarding check-in program,57.61
2057-ZBLPD,0.675941642603709,tenure,InternetService=Fiber optic,Contract=Month-to-month,Enroll in 90-day onboarding check-in program,58.47
2058-DCJBE,0.6759054314147,tenure,InternetService=Fiber optic,Contract=Month-to-month,Enroll in 90-day onboarding check-in program,47.14
6689-TCZHQ,0.6757485752217508,tenure,InternetService=Fiber optic,Contract=Month-to-month,Enroll in 90-day onboarding check-in program,53.35
6047-YHPVI,0.6757236271256511,tenure,InternetService=Fiber optic,Contract=Month-to-month,Enroll in 90-day onboarding check-in program,47.1
8111-RKSPX,0.675604722393263,tenure,InternetService=Fiber optic,Contract=Month-to-month,Enroll in 90-day onboarding check-in program,48.78
0329-GTIAJ,0.6755832887880207,tenure,InternetService=Fiber optic,Contract=Month-to-month,Enroll in 90-day onboarding check-in program,66.14
8519-IMDHU,0.6755341023619863,tenure,InternetService=Fiber optic,Contract=Month-to-month,Enroll in 90-day onboarding check-in program,57.83
5393-RXQSZ,0.6754843338430763,tenure,InternetService=Fiber optic,Contract=Month-to-month,Enroll in 90-day onboarding check-in program,53.77
5609-CEBID,0.6753054621946223,tenure,InternetService=Fiber optic,Contract=Month-to-month,Enroll in 90-day onboarding check-in program,63.55
7823-JSOAG,0.675032695149674,tenure,InternetService=Fiber optic,Contract=Month-to-month,Enroll in 90-day onboarding check-in program,50.29
7780-OTDSO,0.6748139468447412,tenure,InternetService=Fiber optic,Contract=Month-to-month,Enroll in 90-day onboarding check-in program,67.08
2472-OVKUP,0.6745241743776208,tenure,InternetService=Fiber optic,Contract=Month-to-month,Enroll in 90-day onboarding check-in program,61.38
1285-OKIPP,0.6742069416287152,tenure,InternetService=Fiber optic,Contract=Month-to-month,Enroll in 90-day onboarding check-in program,53.87
7394-FKDNK,0.6739554678392795,tenure,InternetService=Fiber optic,Contract=Month-to-month,Enroll in 90-day onboarding check-in program,60.29
9507-EXLTT,0.6733801545427963,tenure,InternetService=Fiber optic,Contract=Month-to-month,Enroll in 90-day onboarding check-in program,53.43
3453-RTHJQ,0.6731731727165959,tenure,InternetService=Fiber optic,Contract=Month-to-month,Enroll in 90-day onboarding check-in program,46.52
8413-VONUO,0.6729092963403218,tenure,InternetService=Fiber optic,Contract=Month-to-month,Enroll in 90-day onboarding check-in program,64.36
3198-VELRD,0.6728847754190601,tenure,InternetService=Fiber optic,Contract=Month-to-month,Enroll in 90-day onboarding check-in program,57.03
5299-RULOA,0.6724130883232907,tenure,InternetService=Fiber optic,Contract=Month-to-month,Enroll in 90-day onboarding check-in program,67.41
6786-OBWQR,0.6717255164506962,tenure,InternetService=Fiber optic,Contract=Month-to-month,Enroll in 90-day onboarding check-in program,54.31
2867-UIMSS,0.6716443904845705,tenure,InternetService=Fiber optic,Contract=Month-to-month,Enroll in 90-day onboarding check-in program,54.07
0722-SVSFK,0.671177602189039,tenure,InternetService=Fiber optic,Contract=Month-to-month,Enroll in 90-day onboarding check-in program,67.39
3317-VLGQT,0.6710533179830258,tenure,InternetService=Fiber optic,Contract=Month-to-month,Enroll in 90-day onboarding check-in program,52.41
2074-GKOWZ,0.670975784361657,tenure,InternetService=Fiber optic,Contract=Month-to-month,Enroll in 90-day onboarding check-in program,60.09
9019-QVLZD,0.6707195681957795,tenure,InternetService=Fiber optic,Contract=Month-to-month,Enroll in 90-day onboarding check-in program,53.36
3393-FMZPV,0.6704863232884503,tenure,InternetService=Fiber optic,Contract=Month-to-month,Enroll in 90-day onboarding check-in program,67.22
0480-BIXDE,0.6703141247068685,tenure,InternetService=Fiber optic,Contract=Month-to-month,Enroll in 90-day onboarding check-in program,64.89
4274-OWWYO,0.6702212541014463,tenure,InternetService=Fiber optic,Contract=Month-to-month,Enroll in 90-day onboarding check-in program,49.83
0689-NKYLF,0.67003791211348,tenure,InternetService=Fiber optic,Contract=Month-to-month,Enroll in 90-day onboarding check-in program,55.75
7198-GLXTC,0.6699259168762457,tenure,InternetService=Fiber optic,Contract=Month-to-month,Enroll in 90-day onboarding check-in program,52.92
6772-KSATR,0.6692853704094333,tenure,InternetService=Fiber optic,Contract=Month-to-month,Enroll in 90-day onboarding check-in program,54.68
6029-WTIPC,0.6692180577914076,InternetService=Fiber optic,TotalCharges,Contract=Month-to-month,Price/quality review call for fiber plan,67.66
7206-PQBBZ,0.6690670704870141,tenure,InternetService=Fiber optic,Contract=Month-to-month,Enroll in 90-day onboarding check-in program,46.97
1965-AKTSX,0.6686502996374267,tenure,InternetService=Fiber optic,Contract=Month-to-month,Enroll in 90-day onboarding check-in program,52.79
6416-TVAIH,0.6686173607657422,tenure,InternetService=Fiber optic,Contract=Month-to-month,Enroll in 90-day onboarding check-in program,45.8
1508-DFXCU,0.6683062668187425,tenure,InternetService=Fiber optic,Contract=Month-to-month,Enroll in 90-day onboarding check-in program,54.43
5293-WXJAK,0.6683024932564801,tenure,InternetService=Fiber optic,Contract=Month-to-month,Enroll in 90-day onboarding check-in program,69.54
0925-VYDLG,0.668269872717752,tenure,InternetService=Fiber optic,Contract=Month-to-month,Enroll in 90-day onboarding check-in program,50.29
9850-OWRHQ,0.6681299662793098,tenure,InternetService=Fiber optic,Contract=Month-to-month,Enroll in 90-day onboarding check-in program,49.51
0390-DCFDQ,0.6680777633944899,tenure,InternetService=Fiber optic,Contract=Month-to-month,Enroll in 90-day onboarding check-in program,47.07
5095-AESKG,0.6674080130735182,tenure,InternetService=Fiber optic,Contract=Month-to-month,Enroll in 90-day onboarding check-in program,61.07
1342-JPNKI,0.6669177767764782,tenure,InternetService=Fiber optic,Contract=Month-to-month,Enroll in 90-day onboarding check-in program,57.39
2809-ZMYOQ,0.6666559179719295,InternetService=Fiber optic,Contract=Month-to-month,TotalCharges,Price/quality review call for fiber plan,67.57
8397-MVTAZ,0.6665013077854062,InternetService=Fiber optic,TotalCharges,Contract=Month-to-month,Price/quality review call for fiber plan,66.68
5027-QPKTE,0.6660907449227738,tenure,InternetService=Fiber optic,Contract=Month-to-month,Enroll in 90-day onboarding check-in program,46.19
3797-VTIDR,0.6660170104911272,tenure,MonthlyCharges,Contract=Month-to-month,Enroll in 90-day onboarding check-in program,15.62
8063-GBATB,0.6658574453672432,InternetService=Fiber optic,tenure,Contract=Month-to-month,Price/quality review call for fiber plan,56.76
3370-HXOPH,0.6653764801370597,tenure,InternetService=Fiber optic,Contract=Month-to-month,Enroll in 90-day onboarding check-in program,50.64
6424-ELEYH,0.6653718556225421,tenure,InternetService=Fiber optic,Contract=Month-to-month,Enroll in 90-day onboarding check-in program,49.74
5228-EXCET,0.6648081471992469,tenure,InternetService=Fiber optic,Contract=Month-to-month,Enroll in 90-day onboarding check-in program,53.75
2984-AFWNC,0.6644065856385853,tenure,InternetService=Fiber optic,Contract=Month-to-month,Enroll in 90-day onboarding check-in program,63.38
4291-SHSBH,0.6643774717868194,tenure,InternetService=Fiber optic,Contract=Month-to-month,Enroll in 90-day onboarding check-in program,46.21
6110-OHIHY,0.6639432400881451,tenure,InternetService=Fiber optic,Contract=Month-to-month,Enroll in 90-day onboarding check-in program,52.62
3765-JXVKY,0.663890770821661,tenure,InternetService=Fiber optic,Contract=Month-to-month,Enroll in 90-day onboarding check-in program,49.59
7615-ESMYF,0.6635387227928746,tenure,MonthlyCharges,Contract=Month-to-month,Enroll in 90-day onboarding check-in program,29.59
4283-FUTGF,0.6630668364729625,tenure,InternetService=Fiber optic,Contract=Month-to-month,Enroll in 90-day onboarding check-in program,52.95
8861-HGGKB,0.6630599715521317,tenure,InternetService=Fiber optic,Contract=Month-to-month,Enroll in 90-day onboarding check-in program,57.32
3677-IYRBF,0.6629646531795437,tenure,MonthlyCharges,Contract=Month-to-month,Enroll in 90-day onboarding check-in program,20.15
5570-PTWEH,0.6629503885705894,tenure,InternetService=Fiber optic,Contract=Month-to-month,Enroll in 90-day onboarding check-in program,49.82
8309-IEYJD,0.6629119338729325,tenure,InternetService=Fiber optic,Contract=Month-to-month,Enroll in 90-day onboarding check-in program,46.8
0420-HLGXF,0.6627939944659246,TotalCharges,InternetService=Fiber optic,Contract=Month-to-month,Price/quality review call for fiber plan,66.11
6899-PPEEA,0.6627010113442221,InternetService=Fiber optic,TotalCharges,Contract=Month-to-month,Price/quality review call for fiber plan,63.98
8010-EZLOU,0.6626697490224354,tenure,InternetService=Fiber optic,Contract=Month-to-month,Enroll in 90-day onboarding check-in program,53.15
9121-PHQSR,0.6625413573017461,tenure,InternetService=Fiber optic,Contract=Month-to-month,Enroll in 90-day onboarding check-in program,56.35
6275-YDUVO,0.6624652277555945,tenure,InternetService=Fiber optic,Contract=Month-to-month,Enroll in 90-day onboarding check-in program,57.1
8873-GLDMH,0.662348831296124,tenure,InternetService=Fiber optic,Contract=Month-to-month,Enroll in 90-day onboarding check-in program,48.91
1853-UDXBW,0.6621367788398518,tenure,InternetService=Fiber optic,Contract=Month-to-month,Enroll in 90-day onboarding check-in program,46.35
3001-UNBTL,0.6621084970196559,InternetService=Fiber optic,Contract=Month-to-month,InternetService=DSL,Price/quality review call for fiber plan,68.83
1309-BXVOQ,0.661983975999444,tenure,InternetService=Fiber optic,Contract=Month-to-month,Enroll in 90-day onboarding check-in program,70.24
0928-XUTSN,0.6616567734854869,tenure,InternetService=Fiber optic,Contract=Month-to-month,Enroll in 90-day onboarding check-in program,53.26
2276-YDAVZ,0.6614698735032717,tenure,InternetService=Fiber optic,Contract=Month-to-month,Enroll in 90-day onboarding check-in program,49.68
1602-IJQQE,0.6614650396024554,tenure,InternetService=Fiber optic,Contract=Month-to-month,Enroll in 90-day onboarding check-in program,49.84
6712-OAWRH,0.6613721978116989,InternetService=Fiber optic,tenure,Contract=Month-to-month,Price/quality review call for fiber plan,60.35
8868-WOZGU,0.6613123021456739,InternetService=Fiber optic,Contract=Month-to-month,tenure,Price/quality review call for fiber plan,69.9
4301-VVZKA,0.6612341189905191,tenure,InternetService=Fiber optic,Contract=Month-to-month,Enroll in 90-day onboarding check-in program,49.86
2254-DLXRI,0.6611604628060409,tenure,InternetService=Fiber optic,Contract=Month-to-month,Enroll in 90-day onboarding check-in program,52.33
2845-AFFTX,0.660822339425873,TotalCharges,InternetService=Fiber optic,Contract=Month-to-month,Price/quality review call for fiber plan,65.95
4770-UEZOX,0.6607678396194949,tenure,InternetService=Fiber optic,Contract=Month-to-month,Enroll in 90-day onboarding check-in program,49.39
2737-YNGYW,0.6606349914562641,tenure,InternetService=Fiber optic,Contract=Month-to-month,Enroll in 90-day onboarding check-in program,53.21
3049-NDXFL,0.6604305338447096,tenure,InternetService=Fiber optic,Contract=Month-to-month,Enroll in 90-day onboarding check-in program,56.66
3871-IKPYH,0.6604099926903522,tenure,InternetService=Fiber optic,Contract=Month-to-month,Enroll in 90-day onboarding check-in program,45.63
6376-GAHQE,0.6603062421323324,tenure,InternetService=Fiber optic,Contract=Month-to-month,Enroll in 90-day onboarding check-in program,51.4
5117-IFGPS,0.6602446572197641,InternetService=Fiber optic,Contract=Month-to-month,InternetService=DSL,Price/quality review call for fiber plan,55.66
8648-PFRMP,0.6597340843281324,tenure,MonthlyCharges,Contract=Month-to-month,Enroll in 90-day onboarding check-in program,30.58
5196-SGOAK,0.6595471073356257,tenure,InternetService=Fiber optic,Contract=Month-to-month,Enroll in 90-day onboarding check-in program,49.93
3427-GGZZI,0.6594680161409378,tenure,InternetService=Fiber optic,Contract=Month-to-month,Enroll in 90-day onboarding check-in program,58.76
9921-ZVRHG,0.6594349633824212,tenure,InternetService=Fiber optic,Contract=Month-to-month,Enroll in 90-day onboarding check-in program,53.05
6595-YGXIT,0.6591678941865711,tenure,InternetService=Fiber optic,Contract=Month-to-month,Enroll in 90-day onboarding check-in program,58.63
8017-LXHFA,0.6590779778351772,tenure,InternetService=Fiber optic,Contract=Month-to-month,Enroll in 90-day onboarding check-in program,62.45
3663-MITLP,0.6588244750531563,tenure,InternetService=Fiber optic,Contract=Month-to-month,Enroll in 90-day onboarding check-in program,66.71
1866-RZZQS,0.6586594751897046,TotalCharges,InternetService=Fiber optic,Contract=Month-to-month,Price/quality review call for fiber plan,64.81
